,0
0,8.0
1,6.0
2,19.0
3,10.0
4,13.0
5,12.0
6,3.0
7,13.0
8,4.0
9,6.0
10,6.0
11,5.0
12,16.0
13,10.0
14,17.0
15,11.0
16,11.0
17,7.0
18,11.0
19,15.0
20,6.0
21,7.0
22,15.0
23,10.0
24,16.0
25,17.0
26,12.0
27,4.0
28,15.0
29,2.0
30,5.0
31,6.0
32,19.0
33,6.0
34,6.0
35,7.0
36,10.0
37,3.0
38,9.0
39,4.0
40,19.0
41,15.0
42,13.0
43,15.0
44,15.0
45,3.0
46,1.0
47,14.0
48,12.0
49,7.0
50,19.0
51,8.0
52,9.0
53,11.0
54,13.0
55,6.0
56,19.0
57,13.0
58,18.0
59,15.0
60,8.0
61,20.0
62,9.0
63,13.0
64,8.0
65,5.0
66,17.0
67,8.0
68,6.0
69,4.0
70,3.0
71,8.0
72,16.0
73,13.0
74,18.0
75,3.0
76,16.0
77,2.0
78,10.0
79,1.0
80,13.0
81,7.0
82,17.0
83,11.0
84,16.0
85,3.0
86,4.0
87,12.0
88,5.0
89,16.0
90,15.0
91,12.0
92,16.0
93,2.0
94,2.0
95,7.0
96,6.0
97,5.0
98,2.0
99,2.0
100,2.0
101,7.0
102,7.0
103,3.0
104,18.0
105,2.0
106,6.0
107,10.0
108,10.0
109,8.0
110,1.0
111,4.0
112,15.0
113,14.0
114,18.0
115,10.0
116,11.0
117,3.0
118,14.0
119,11.0
120,9.0
121,20.0
122,16.0
123,7.0
124,9.0
125,16.0
126,16.0
127,15.0
128,2.0
129,15.0
130,9.0
131,12.0
132,10.0
133,20.0
134,19.0
135,2.0
136,15.0
137,12.0
138,16.0
139,7.0
140,13.0
141,8.0
142,4.0
143,3.0
144,12.0
145,20.0
146,19.0
147,10.0
148,13.0
149,5.0
150,6.0
151,15.0
152,19.0
153,2.0
154,16.0
155,19.0
156,2.0
157,15.0
158,12.0
159,4.0
160,14.0
161,3.0
162,5.0
163,15.0
164,14.0
165,8.0
166,12.0
167,11.0
168,16.0
169,11.0
170,14.0
171,15.0
172,12.0
173,20.0
174,15.0
175,12.0
176,9.0
177,13.0
178,17.0
179,8.0
180,18.0
181,6.0
182,20.0
183,2.0
184,2.0
185,3.0
186,10.0
187,17.0
188,9.0
189,18.0
190,4.0
191,6.0
192,9.0
193,1.0
194,16.0
195,19.0
196,17.0
197,7.0
198,14.0
199,4.0
200,12.0
201,10.0
202,4.0
203,2.0
204,13.0
205,5.0
206,8.0
207,19.0
208,18.0
209,8.0
210,3.0
211,3.0
212,12.0
213,6.0
214,16.0
215,3.0
216,12.0
217,4.0
218,10.0
219,8.0
220,20.0
221,2.0
222,8.0
223,15.0
224,8.0
225,9.0
226,14.0
227,16.0
228,8.0
229,12.0
230,19.0
231,9.0
232,12.0
233,17.0
234,15.0
235,11.0
236,8.0
237,7.0
238,6.0
239,4.0
240,20.0
241,2.0
242,11.0
243,12.0
244,17.0
245,3.0
246,14.0
247,18.0
248,19.0
249,7.0
250,19.0
251,2.0
252,5.0
253,15.0
254,2.0
255,17.0
256,8.0
257,17.0
258,5.0
259,6.0
260,17.0
261,9.0
262,4.0
263,14.0
264,20.0
265,18.0
266,6.0
267,11.0
268,15.0
269,13.0
270,18.0
271,15.0
272,8.0
273,20.0
274,8.0
275,9.0
276,10.0
277,8.0
278,8.0
279,7.0
280,6.0
281,4.0
282,18.0
283,1.0
284,7.0
285,17.0
286,9.0
287,19.0
288,6.0
289,20.0
290,1.0
291,19.0
292,16.0
293,14.0
294,2.0
295,12.0
296,13.0
297,17.0
298,5.0
299,17.0
300,6.0
301,7.0
302,9.0
303,9.0
304,16.0
305,7.0
306,5.0
307,7.0
308,20.0
309,6.0
310,15.0
311,14.0
312,11.0
313,19.0
314,11.0
315,11.0
316,15.0
317,18.0
318,6.0
319,2.0
320,10.0
321,12.0
322,12.0
323,1.0
324,18.0
325,17.0
326,12.0
327,3.0
328,10.0
329,4.0
330,13.0
331,19.0
332,14.0
333,1.0
334,3.0
335,9.0
336,19.0
337,2.0
338,14.0
339,13.0
340,11.0
341,2.0
342,10.0
343,3.0
344,13.0
345,7.0
346,18.0
347,12.0
348,6.0
349,1.0
350,15.0
351,16.0
352,10.0
353,3.0
354,15.0
355,5.0
356,4.0
357,16.0
358,13.0
359,5.0
360,20.0
361,4.0
362,2.0
363,16.0
364,15.0
365,2.0
366,20.0
367,11.0
368,2.0
369,14.0
370,14.0
371,8.0
372,2.0
373,6.0
374,17.0
375,5.0
376,12.0
377,12.0
378,18.0
379,11.0
380,6.0
381,11.0
382,9.0
383,9.0
384,7.0
385,5.0
386,18.0
387,17.0
388,1.0
389,14.0
390,9.0
391,14.0
392,5.0
393,11.0
394,15.0
395,4.0
396,4.0
397,3.0
398,4.0
399,3.0
400,8.0
401,2.0
402,19.0
403,6.0
404,18.0
405,13.0
406,9.0
407,6.0
408,10.0
409,15.0
410,13.0
411,12.0
412,18.0
413,5.0
414,18.0
415,15.0
416,8.0
417,10.0
418,14.0
419,10.0
420,13.0
421,2.0
422,4.0
423,5.0
424,20.0
425,4.0
426,7.0
427,12.0
428,14.0
429,14.0
430,18.0
431,16.0
432,5.0
433,13.0
434,8.0
435,14.0
436,5.0
437,1.0
438,14.0
439,8.0
440,15.0
441,6.0
442,5.0
443,12.0
444,15.0
445,2.0
446,12.0
447,10.0
448,11.0
449,8.0
450,18.0
451,16.0
452,5.0
453,11.0
454,4.0
455,7.0
456,7.0
457,11.0
458,16.0
459,17.0
460,8.0
461,17.0
462,1.0
463,3.0
464,17.0
465,13.0
466,17.0
467,20.0
468,19.0
469,20.0
470,3.0
471,1.0
472,9.0
473,9.0
474,15.0
475,2.0
476,4.0
477,3.0
478,13.0
479,7.0
480,16.0
481,4.0
482,9.0
483,14.0
484,5.0
485,9.0
486,11.0
487,5.0
488,1.0
489,10.0
490,1.0
491,10.0
492,14.0
493,1.0
494,6.0
495,9.0
496,11.0
497,3.0
498,7.0
499,20.0
500,13.0
501,18.0
502,4.0
503,14.0
504,20.0
505,1.0
506,16.0
507,9.0
508,4.0
509,10.0
510,11.0
511,13.0
512,17.0
513,2.0
514,4.0
515,3.0
516,7.0
517,18.0
518,18.0
519,17.0
520,1.0
521,11.0
522,19.0
523,10.0
524,7.0
525,3.0
526,12.0
527,20.0
528,3.0
529,19.0
530,8.0
531,8.0
532,17.0
533,5.0
534,15.0
535,17.0
536,4.0
537,4.0
538,15.0
539,7.0
540,3.0
541,18.0
542,1.0
543,12.0
544,6.0
545,1.0
546,4.0
547,14.0
548,5.0
549,17.0
550,1.0
551,6.0
552,8.0
553,11.0
554,8.0
555,6.0
556,2.0
557,11.0
558,9.0
559,9.0
560,15.0
561,7.0
562,10.0
563,14.0
564,4.0
565,15.0
566,6.0
567,9.0
568,10.0
569,1.0
570,20.0
571,3.0
572,3.0
573,3.0
574,12.0
575,8.0
576,6.0
577,13.0
578,11.0
579,16.0
580,16.0
581,8.0
582,13.0
583,15.0
584,19.0
585,10.0
586,4.0
587,15.0
588,16.0
589,11.0
590,4.0
591,14.0
592,5.0
593,5.0
594,4.0
595,1.0
596,17.0
597,9.0
598,13.0
599,3.0
600,4.0
601,5.0
602,1.0
603,7.0
604,19.0
605,14.0
606,4.0
607,12.0
608,4.0
609,18.0
610,14.0
611,16.0
612,6.0
613,16.0
614,15.0
615,15.0
616,13.0
617,19.0
618,3.0
619,10.0
620,19.0
621,20.0
622,18.0
623,12.0
624,17.0
625,4.0
626,15.0
627,7.0
628,19.0
629,11.0
630,9.0
631,5.0
632,18.0
633,4.0
634,14.0
635,8.0
636,5.0
637,8.0
638,11.0
639,4.0
640,3.0
641,19.0
642,9.0
643,18.0
644,4.0
645,19.0
646,5.0
647,1.0
648,4.0
649,11.0
650,1.0
651,7.0
652,9.0
653,16.0
654,11.0
655,14.0
656,10.0
657,1.0
658,7.0
659,8.0
660,3.0
661,17.0
662,17.0
663,8.0
664,12.0
665,11.0
666,19.0
667,10.0
668,17.0
669,8.0
670,15.0
671,15.0
672,17.0
673,19.0
674,9.0
675,7.0
676,4.0
677,19.0
678,17.0
679,12.0
680,2.0
681,11.0
682,19.0
683,4.0
684,12.0
685,11.0
686,12.0
687,15.0
688,2.0
689,15.0
690,1.0
691,4.0
692,3.0
693,2.0
694,17.0
695,18.0
696,4.0
697,16.0
698,18.0
699,19.0
700,18.0
701,1.0
702,6.0
703,8.0
704,7.0
705,14.0
706,13.0
707,13.0
708,15.0
709,11.0
710,8.0
711,14.0
712,17.0
713,2.0
714,9.0
715,5.0
716,5.0
717,1.0
718,6.0
719,4.0
720,8.0
721,10.0
722,18.0
723,5.0
724,1.0
725,1.0
726,19.0
727,11.0
728,17.0
729,7.0
730,5.0
731,15.0
732,2.0
733,5.0
734,14.0
735,18.0
736,13.0
737,8.0
738,1.0
739,5.0
740,12.0
741,9.0
742,19.0
743,3.0
744,1.0
745,5.0
746,12.0
747,1.0
748,9.0
749,5.0
750,15.0
751,14.0
752,19.0
753,9.0
754,11.0
755,13.0
756,1.0
757,5.0
758,9.0
759,8.0
760,20.0
761,7.0
762,5.0
763,14.0
764,19.0
765,1.0
766,6.0
767,13.0
768,11.0
769,12.0
770,14.0
771,14.0
772,19.0
773,17.0
774,20.0
775,6.0
776,20.0
777,3.0
778,6.0
779,10.0
780,13.0
781,12.0
782,2.0
783,8.0
784,10.0
785,14.0
786,5.0
787,20.0
788,9.0
789,11.0
790,18.0
791,1.0
792,9.0
793,1.0
794,7.0
795,4.0
796,17.0
797,18.0
798,16.0
799,19.0
800,5.0
801,7.0
802,9.0
803,8.0
804,2.0
805,16.0
806,6.0
807,13.0
808,13.0
809,2.0
810,1.0
811,6.0
812,7.0
813,20.0
814,4.0
815,1.0
816,15.0
817,3.0
818,2.0
819,19.0
820,13.0
821,6.0
822,19.0
823,19.0
824,6.0
825,16.0
826,9.0
827,15.0
828,18.0
829,1.0
830,1.0
831,15.0
832,6.0
833,3.0
834,9.0
835,17.0
836,8.0
837,7.0
838,9.0
839,19.0
840,1.0
841,8.0
842,11.0
843,5.0
844,11.0
845,17.0
846,13.0
847,13.0
848,1.0
849,8.0
850,11.0
851,1.0
852,10.0
853,8.0
854,15.0
855,15.0
856,2.0
857,5.0
858,11.0
859,3.0
860,15.0
861,20.0
862,6.0
863,15.0
864,13.0
865,3.0
866,4.0
867,13.0
868,10.0
869,6.0
870,5.0
871,16.0
872,10.0
873,13.0
874,3.0
875,3.0
876,3.0
877,5.0
878,1.0
879,11.0
880,15.0
881,4.0
882,16.0
883,6.0
884,9.0
885,1.0
886,4.0
887,7.0
888,16.0
889,4.0
890,10.0
891,17.0
892,9.0
893,18.0
894,17.0
895,17.0
896,15.0
897,7.0
898,20.0
899,3.0
900,10.0
901,17.0
902,4.0
903,18.0
904,2.0
905,1.0
906,17.0
907,2.0
908,5.0
909,2.0
910,8.0
911,19.0
912,1.0
913,8.0
914,18.0
915,3.0
916,13.0
917,5.0
918,8.0
919,3.0
920,6.0
921,7.0
922,8.0
923,19.0
924,16.0
925,8.0
926,20.0
927,1.0
928,6.0
929,19.0
930,4.0
931,5.0
932,3.0
933,5.0
934,8.0
935,8.0
936,19.0
937,14.0
938,8.0
939,11.0
940,15.0
941,13.0
942,18.0
943,3.0
944,1.0
945,15.0
946,1.0
947,20.0
948,5.0
949,19.0
950,9.0
951,18.0
952,12.0
953,12.0
954,8.0
955,15.0
956,9.0
957,20.0
958,1.0
959,13.0
960,16.0
961,17.0
962,13.0
963,2.0
964,17.0
965,6.0
966,19.0
967,16.0
968,3.0
969,1.0
970,1.0
971,16.0
972,14.0
973,6.0
974,6.0
975,7.0
976,17.0
977,14.0
978,3.0
979,5.0
980,7.0
981,2.0
982,5.0
983,15.0
984,17.0
985,11.0
986,20.0
987,3.0
988,6.0
989,18.0
990,17.0
991,2.0
992,5.0
993,15.0
994,2.0
995,8.0
996,16.0
997,11.0
998,15.0
999,15.0
1000,14.0
1001,8.0
1002,4.0
1003,4.0
1004,5.0
1005,19.0
1006,2.0
1007,12.0
1008,7.0
1009,2.0
1010,13.0
1011,1.0
1012,10.0
1013,7.0
1014,16.0
1015,5.0
1016,12.0
1017,12.0
1018,3.0
1019,14.0
1020,12.0
1021,5.0
1022,17.0
1023,15.0
1024,17.0
1025,7.0
1026,4.0
1027,9.0
1028,20.0
1029,4.0
1030,13.0
1031,17.0
1032,7.0
1033,20.0
1034,12.0
1035,12.0
1036,5.0
1037,15.0
1038,15.0
1039,10.0
1040,20.0
1041,11.0
1042,3.0
1043,15.0
1044,17.0
1045,4.0
1046,1.0
1047,13.0
1048,20.0
1049,9.0
1050,11.0
1051,12.0
1052,3.0
1053,11.0
1054,4.0
1055,9.0
1056,1.0
1057,7.0
1058,2.0
1059,7.0
1060,7.0
1061,12.0
1062,4.0
1063,7.0
1064,14.0
1065,11.0
1066,4.0
1067,4.0
1068,12.0
1069,9.0
1070,6.0
1071,5.0
1072,16.0
1073,11.0
1074,5.0
1075,20.0
1076,5.0
1077,4.0
1078,16.0
1079,18.0
1080,1.0
1081,10.0
1082,13.0
1083,5.0
1084,11.0
1085,4.0
1086,9.0
1087,1.0
1088,9.0
1089,5.0
1090,13.0
1091,9.0
1092,3.0
1093,9.0
1094,17.0
1095,12.0
1096,8.0
1097,3.0
1098,19.0
1099,16.0
1100,5.0
1101,2.0
1102,2.0
1103,18.0
1104,17.0
1105,4.0
1106,16.0
1107,13.0
1108,3.0
1109,11.0
1110,2.0
1111,7.0
1112,15.0
1113,11.0
1114,7.0
1115,11.0
1116,12.0
1117,3.0
1118,6.0
1119,7.0
1120,11.0
1121,5.0
1122,13.0
1123,10.0
1124,20.0
1125,2.0
1126,18.0
1127,12.0
1128,1.0
1129,11.0
1130,5.0
1131,9.0
1132,16.0
1133,7.0
1134,19.0
1135,12.0
1136,6.0
1137,14.0
1138,18.0
1139,1.0
1140,16.0
1141,2.0
1142,7.0
1143,19.0
1144,19.0
1145,7.0
1146,18.0
1147,11.0
1148,14.0
1149,4.0
1150,1.0
1151,19.0
1152,19.0
1153,14.0
1154,1.0
1155,8.0
1156,16.0
1157,3.0
1158,16.0
1159,2.0
1160,16.0
1161,6.0
1162,8.0
1163,8.0
1164,6.0
1165,19.0
1166,1.0
1167,5.0
1168,12.0
1169,18.0
1170,6.0
1171,5.0
1172,14.0
1173,7.0
1174,18.0
1175,12.0
1176,10.0
1177,9.0
1178,15.0
1179,1.0
1180,15.0
1181,2.0
1182,1.0
1183,8.0
1184,7.0
1185,13.0
1186,11.0
1187,6.0
1188,11.0
1189,11.0
1190,2.0
1191,17.0
1192,8.0
1193,11.0
1194,1.0
1195,10.0
1196,2.0
1197,1.0
1198,10.0
1199,1.0
1200,15.0
1201,17.0
1202,6.0
1203,4.0
1204,19.0
1205,9.0
1206,1.0
1207,6.0
1208,5.0
1209,2.0
1210,8.0
1211,13.0
1212,19.0
1213,8.0
1214,2.0
1215,15.0
1216,11.0
1217,8.0
1218,20.0
1219,12.0
1220,3.0
1221,8.0
1222,18.0
1223,15.0
1224,19.0
1225,20.0
1226,11.0
1227,16.0
1228,17.0
1229,18.0
1230,1.0
1231,16.0
1232,19.0
1233,18.0
1234,3.0
1235,13.0
1236,15.0
1237,9.0
1238,3.0
1239,7.0
1240,11.0
1241,15.0
1242,8.0
1243,19.0
1244,20.0
1245,17.0
1246,17.0
1247,5.0
1248,9.0
1249,6.0
1250,12.0
1251,8.0
1252,10.0
1253,9.0
1254,4.0
1255,12.0
1256,4.0
1257,9.0
1258,2.0
1259,14.0
1260,17.0
1261,18.0
1262,2.0
1263,14.0
1264,6.0
1265,1.0
1266,13.0
1267,9.0
1268,7.0
1269,11.0
1270,17.0
1271,7.0
1272,16.0
1273,1.0
1274,9.0
1275,14.0
1276,10.0
1277,8.0
1278,2.0
1279,4.0
1280,19.0
1281,7.0
1282,15.0
1283,11.0
1284,8.0
1285,9.0
1286,16.0
1287,2.0
1288,1.0
1289,11.0
1290,14.0
1291,10.0
1292,14.0
1293,6.0
1294,9.0
1295,16.0
1296,8.0
1297,10.0
1298,20.0
1299,1.0
1300,5.0
1301,8.0
1302,16.0
1303,12.0
1304,5.0
1305,15.0
1306,12.0
1307,10.0
1308,12.0
1309,19.0
1310,17.0
1311,9.0
1312,14.0
1313,4.0
1314,19.0
1315,12.0
1316,13.0
1317,4.0
1318,15.0
1319,12.0
1320,20.0
1321,19.0
1322,19.0
1323,3.0
1324,10.0
1325,14.0
1326,17.0
1327,6.0
1328,2.0
1329,13.0
1330,10.0
1331,12.0
1332,3.0
1333,17.0
1334,20.0
1335,16.0
1336,4.0
1337,11.0
1338,18.0
1339,20.0
1340,14.0
1341,13.0
1342,9.0
1343,7.0
1344,9.0
1345,8.0
1346,12.0
1347,5.0
1348,4.0
1349,5.0
1350,9.0
1351,20.0
1352,3.0
1353,4.0
1354,16.0
1355,18.0
1356,4.0
1357,19.0
1358,3.0
1359,8.0
1360,3.0
1361,1.0
1362,13.0
1363,13.0
1364,10.0
1365,4.0
1366,13.0
1367,19.0
1368,17.0
1369,4.0
1370,13.0
1371,10.0
1372,1.0
1373,18.0
1374,6.0
1375,8.0
1376,15.0
1377,7.0
1378,15.0
1379,15.0
1380,20.0
1381,12.0
1382,10.0
1383,10.0
1384,16.0
1385,16.0
1386,7.0
1387,10.0
1388,10.0
1389,17.0
1390,18.0
1391,3.0
1392,9.0
1393,5.0
1394,3.0
1395,10.0
1396,17.0
1397,17.0
1398,12.0
1399,9.0
1400,7.0
1401,8.0
1402,2.0
1403,1.0
1404,6.0
1405,8.0
1406,2.0
1407,6.0
1408,14.0
1409,18.0
1410,12.0
1411,7.0
1412,5.0
1413,8.0
1414,18.0
1415,1.0
1416,11.0
1417,2.0
1418,6.0
1419,18.0
1420,18.0
1421,10.0
1422,5.0
1423,15.0
1424,18.0
1425,1.0
1426,3.0
1427,18.0
1428,4.0
1429,2.0
1430,9.0
1431,19.0
1432,6.0
1433,15.0
1434,13.0
1435,19.0
1436,1.0
1437,13.0
1438,4.0
1439,12.0
1440,3.0
1441,9.0
1442,7.0
1443,1.0
1444,10.0
1445,9.0
1446,15.0
1447,4.0
1448,12.0
1449,17.0
1450,19.0
1451,19.0
1452,14.0
1453,18.0
1454,3.0
1455,15.0
1456,19.0
1457,12.0
1458,13.0
1459,3.0
1460,16.0
1461,17.0
1462,8.0
1463,13.0
1464,19.0
1465,17.0
1466,18.0
1467,8.0
1468,7.0
1469,14.0
1470,12.0
1471,7.0
1472,4.0
1473,6.0
1474,2.0
1475,13.0
1476,10.0
1477,18.0
1478,17.0
1479,13.0
1480,5.0
1481,18.0
1482,4.0
1483,20.0
1484,19.0
1485,18.0
1486,9.0
1487,5.0
1488,15.0
1489,16.0
1490,5.0
1491,2.0
1492,13.0
1493,17.0
1494,17.0
1495,13.0
1496,10.0
1497,5.0
1498,12.0
1499,5.0
1500,3.0
1501,19.0
1502,13.0
1503,15.0
1504,12.0
1505,4.0
1506,7.0
1507,3.0
1508,1.0
1509,15.0
1510,8.0
1511,15.0
1512,1.0
1513,9.0
1514,16.0
1515,11.0
1516,18.0
1517,6.0
1518,11.0
1519,5.0
1520,3.0
1521,10.0
1522,10.0
1523,11.0
1524,18.0
1525,16.0
1526,18.0
1527,8.0
1528,18.0
1529,2.0
1530,1.0
1531,19.0
1532,6.0
1533,11.0
1534,12.0
1535,6.0
1536,15.0
1537,6.0
1538,10.0
1539,11.0
1540,6.0
1541,20.0
1542,17.0
1543,15.0
1544,19.0
1545,13.0
1546,19.0
1547,3.0
1548,4.0
1549,8.0
1550,17.0
1551,18.0
1552,19.0
1553,10.0
1554,19.0
1555,1.0
1556,18.0
1557,20.0
1558,7.0
1559,10.0
1560,1.0
1561,9.0
1562,18.0
1563,3.0
1564,12.0
1565,18.0
1566,3.0
1567,13.0
1568,3.0
1569,3.0
1570,12.0
1571,16.0
1572,5.0
1573,8.0
1574,16.0
1575,1.0
1576,12.0
1577,9.0
1578,18.0
1579,4.0
1580,6.0
1581,6.0
1582,17.0
1583,5.0
1584,16.0
1585,3.0
1586,9.0
1587,6.0
1588,9.0
1589,16.0
1590,20.0
1591,5.0
1592,8.0
1593,19.0
1594,3.0
1595,19.0
1596,8.0
1597,1.0
1598,4.0
1599,16.0
1600,7.0
1601,6.0
1602,5.0
1603,17.0
1604,11.0
1605,10.0
1606,18.0
1607,1.0
1608,8.0
1609,18.0
1610,6.0
1611,1.0
1612,20.0
1613,2.0
1614,15.0
1615,2.0
1616,9.0
1617,10.0
1618,2.0
1619,7.0
1620,14.0
1621,8.0
1622,18.0
1623,1.0
1624,13.0
1625,7.0
1626,12.0
1627,13.0
1628,7.0
1629,4.0
1630,12.0
1631,4.0
1632,17.0
1633,6.0
1634,5.0
1635,15.0
1636,11.0
1637,13.0
1638,8.0
1639,3.0
1640,9.0
1641,17.0
1642,3.0
1643,18.0
1644,16.0
1645,1.0
1646,9.0
1647,1.0
1648,1.0
1649,6.0
1650,18.0
1651,12.0
1652,6.0
1653,12.0
1654,14.0
1655,2.0
1656,11.0
1657,9.0
1658,11.0
1659,3.0
1660,13.0
1661,1.0
1662,16.0
1663,19.0
1664,5.0
1665,13.0
1666,9.0
1667,7.0
1668,7.0
1669,11.0
1670,14.0
1671,5.0
1672,18.0
1673,1.0
1674,5.0
1675,15.0
1676,17.0
1677,5.0
1678,2.0
1679,1.0
1680,9.0
1681,6.0
1682,3.0
1683,5.0
1684,12.0
1685,14.0
1686,2.0
1687,14.0
1688,2.0
1689,7.0
1690,3.0
1691,12.0
1692,3.0
1693,11.0
1694,1.0
1695,1.0
1696,18.0
1697,2.0
1698,3.0
1699,1.0
1700,17.0
1701,8.0
1702,2.0
1703,7.0
1704,11.0
1705,10.0
1706,15.0
1707,18.0
1708,7.0
1709,18.0
1710,5.0
1711,13.0
1712,9.0
1713,7.0
1714,7.0
1715,17.0
1716,9.0
1717,13.0
1718,13.0
1719,18.0
1720,4.0
1721,7.0
1722,18.0
1723,11.0
1724,5.0
1725,5.0
1726,18.0
1727,17.0
1728,13.0
1729,14.0
1730,2.0
1731,7.0
1732,14.0
1733,20.0
1734,17.0
1735,16.0
1736,4.0
1737,10.0
1738,4.0
1739,19.0
1740,19.0
1741,15.0
1742,8.0
1743,13.0
1744,20.0
1745,19.0
1746,18.0
1747,2.0
1748,12.0
1749,8.0
1750,10.0
1751,13.0
1752,15.0
1753,12.0
1754,11.0
1755,10.0
1756,16.0
1757,11.0
1758,1.0
1759,10.0
1760,1.0
1761,6.0
1762,5.0
1763,4.0
1764,6.0
1765,1.0
1766,11.0
1767,9.0
1768,9.0
1769,4.0
1770,15.0
1771,3.0
1772,7.0
1773,6.0
1774,19.0
1775,17.0
1776,7.0
1777,17.0
1778,8.0
1779,12.0
1780,7.0
1781,14.0
1782,11.0
1783,19.0
1784,8.0
1785,18.0
1786,1.0
1787,16.0
1788,19.0
1789,6.0
1790,3.0
1791,10.0
1792,2.0
1793,4.0
1794,9.0
1795,16.0
1796,10.0
1797,3.0
1798,4.0
1799,1.0
1800,4.0
1801,2.0
1802,18.0
1803,20.0
1804,13.0
1805,4.0
1806,19.0
1807,6.0
1808,20.0
1809,4.0
1810,19.0
1811,2.0
1812,2.0
1813,10.0
1814,13.0
1815,2.0
1816,4.0
1817,1.0
1818,1.0
1819,6.0
1820,7.0
1821,16.0
1822,1.0
1823,9.0
1824,4.0
1825,18.0
1826,10.0
1827,7.0
1828,19.0
1829,7.0
1830,1.0
1831,19.0
1832,19.0
1833,11.0
1834,17.0
1835,12.0
1836,15.0
1837,2.0
1838,1.0
1839,16.0
1840,14.0
1841,8.0
1842,18.0
1843,6.0
1844,14.0
1845,8.0
1846,2.0
1847,14.0
1848,17.0
1849,3.0
1850,6.0
1851,11.0
1852,6.0
1853,19.0
1854,14.0
1855,13.0
1856,10.0
1857,13.0
1858,20.0
1859,18.0
1860,17.0
1861,5.0
1862,15.0
1863,7.0
1864,15.0
1865,6.0
1866,20.0
1867,14.0
1868,7.0
1869,10.0
1870,5.0
1871,14.0
1872,7.0
1873,14.0
1874,9.0
1875,13.0
1876,20.0
1877,2.0
1878,15.0
1879,20.0
1880,19.0
1881,15.0
1882,9.0
1883,2.0
1884,15.0
1885,1.0
1886,1.0
1887,9.0
1888,13.0
1889,8.0
1890,1.0
1891,17.0
1892,8.0
1893,12.0
1894,13.0
1895,2.0
1896,1.0
1897,12.0
1898,16.0
1899,4.0
1900,9.0
1901,13.0
1902,1.0
1903,8.0
1904,8.0
1905,3.0
1906,16.0
1907,16.0
1908,15.0
1909,10.0
1910,18.0
1911,9.0
1912,18.0
1913,18.0
1914,8.0
1915,8.0
1916,8.0
1917,5.0
1918,19.0
1919,17.0
1920,11.0
1921,19.0
1922,17.0
1923,15.0
1924,15.0
1925,7.0
1926,5.0
1927,13.0
1928,2.0
1929,10.0
1930,14.0
1931,14.0
1932,19.0
1933,17.0
1934,8.0
1935,13.0
1936,2.0
1937,20.0
1938,16.0
1939,1.0
1940,10.0
1941,18.0
1942,8.0
1943,16.0
1944,11.0
1945,10.0
1946,17.0
1947,9.0
1948,6.0
1949,19.0
1950,6.0
1951,7.0
1952,5.0
1953,1.0
1954,1.0
1955,16.0
1956,8.0
1957,6.0
1958,19.0
1959,14.0
1960,13.0
1961,12.0
1962,16.0
1963,7.0
1964,2.0
1965,15.0
1966,11.0
1967,13.0
1968,16.0
1969,9.0
1970,6.0
1971,6.0
1972,10.0
1973,16.0
1974,12.0
1975,4.0
1976,5.0
1977,4.0
1978,4.0
1979,11.0
1980,4.0
1981,8.0
1982,18.0
1983,18.0
1984,8.0
1985,17.0
1986,17.0
1987,14.0
1988,19.0
1989,1.0
1990,9.0
1991,14.0
1992,5.0
1993,6.0
1994,2.0
1995,1.0
1996,17.0
1997,11.0
1998,2.0
1999,4.0
2000,12.0
2001,5.0
2002,7.0
2003,12.0
2004,12.0
2005,15.0
2006,13.0
2007,7.0
2008,6.0
2009,6.0
2010,3.0
2011,15.0
2012,9.0
2013,13.0
2014,15.0
2015,9.0
2016,2.0
2017,20.0
2018,7.0
2019,7.0
2020,5.0
2021,9.0
2022,12.0
2023,14.0
2024,12.0
2025,5.0
2026,2.0
2027,4.0
2028,14.0
2029,19.0
2030,4.0
2031,11.0
2032,18.0
2033,10.0
2034,13.0
2035,6.0
2036,11.0
2037,10.0
2038,11.0
2039,9.0
2040,16.0
2041,19.0
2042,18.0
2043,6.0
2044,17.0
2045,4.0
2046,1.0
2047,8.0
2048,7.0
2049,10.0
2050,13.0
2051,19.0
2052,17.0
2053,15.0
2054,6.0
2055,5.0
2056,10.0
2057,14.0
2058,2.0
2059,19.0
2060,2.0
2061,18.0
2062,17.0
2063,12.0
2064,8.0
2065,4.0
2066,9.0
2067,18.0
2068,19.0
2069,17.0
2070,19.0
2071,8.0
2072,12.0
2073,15.0
2074,1.0
2075,12.0
2076,3.0
2077,17.0
2078,19.0
2079,9.0
2080,16.0
2081,13.0
2082,1.0
2083,1.0
2084,18.0
2085,8.0
2086,13.0
2087,8.0
2088,16.0
2089,17.0
2090,5.0
2091,8.0
2092,10.0
2093,14.0
2094,9.0
2095,5.0
2096,9.0
2097,1.0
2098,8.0
2099,1.0
2100,10.0
2101,18.0
2102,11.0
2103,15.0
2104,11.0
2105,19.0
2106,7.0
2107,15.0
2108,18.0
2109,5.0
2110,2.0
2111,9.0
2112,12.0
2113,14.0
2114,8.0
2115,13.0
2116,13.0
2117,2.0
2118,9.0
2119,12.0
2120,2.0
2121,5.0
2122,15.0
2123,10.0
2124,11.0
2125,6.0
2126,8.0
2127,8.0
2128,4.0
2129,7.0
2130,6.0
2131,12.0
2132,18.0
2133,3.0
2134,19.0
2135,18.0
2136,4.0
2137,4.0
2138,14.0
2139,18.0
2140,19.0
2141,7.0
2142,9.0
2143,9.0
2144,3.0
2145,9.0
2146,13.0
2147,6.0
2148,8.0
2149,1.0
2150,11.0
2151,4.0
2152,8.0
2153,16.0
2154,10.0
2155,14.0
2156,15.0
2157,7.0
2158,10.0
2159,20.0
2160,15.0
2161,12.0
2162,16.0
2163,19.0
2164,6.0
2165,17.0
2166,4.0
2167,12.0
2168,16.0
2169,8.0
2170,14.0
2171,20.0
2172,1.0
2173,11.0
2174,10.0
2175,12.0
2176,11.0
2177,2.0
2178,15.0
2179,6.0
2180,3.0
2181,6.0
2182,3.0
2183,14.0
2184,1.0
2185,13.0
2186,20.0
2187,16.0
2188,7.0
2189,5.0
2190,8.0
2191,20.0
2192,5.0
2193,16.0
2194,10.0
2195,5.0
2196,3.0
2197,4.0
2198,5.0
2199,9.0
2200,18.0
2201,18.0
2202,15.0
2203,6.0
2204,13.0
2205,15.0
2206,9.0
2207,13.0
2208,16.0
2209,19.0
2210,20.0
2211,11.0
2212,19.0
2213,2.0
2214,13.0
2215,15.0
2216,6.0
2217,11.0
2218,17.0
2219,11.0
2220,5.0
2221,3.0
2222,13.0
2223,14.0
2224,20.0
2225,8.0
2226,16.0
2227,14.0
2228,2.0
2229,8.0
2230,20.0
2231,6.0
2232,12.0
2233,8.0
2234,18.0
2235,9.0
2236,7.0
2237,13.0
2238,12.0
2239,1.0
2240,4.0
2241,6.0
2242,2.0
2243,8.0
2244,17.0
2245,12.0
2246,6.0
2247,4.0
2248,13.0
2249,6.0
2250,11.0
2251,5.0
2252,4.0
2253,18.0
2254,15.0
2255,17.0
2256,12.0
2257,12.0
2258,16.0
2259,12.0
2260,13.0
2261,6.0
2262,8.0
2263,17.0
2264,11.0
2265,6.0
2266,17.0
2267,3.0
2268,4.0
2269,3.0
2270,13.0
2271,4.0
2272,18.0
2273,6.0
2274,4.0
2275,11.0
2276,3.0
2277,7.0
2278,20.0
2279,8.0
2280,12.0
2281,8.0
2282,5.0
2283,2.0
2284,11.0
2285,10.0
2286,5.0
2287,10.0
2288,17.0
2289,19.0
2290,4.0
2291,18.0
2292,2.0
2293,15.0
2294,16.0
2295,3.0
2296,13.0
2297,8.0
2298,9.0
2299,5.0
2300,8.0
2301,9.0
2302,19.0
2303,2.0
2304,2.0
2305,19.0
2306,11.0
2307,15.0
2308,7.0
2309,1.0
2310,19.0
2311,9.0
2312,15.0
2313,9.0
2314,19.0
2315,15.0
2316,13.0
2317,8.0
2318,8.0
2319,2.0
2320,3.0
2321,7.0
2322,1.0
2323,12.0
2324,6.0
2325,5.0
2326,3.0
2327,11.0
2328,11.0
2329,2.0
2330,18.0
2331,7.0
2332,1.0
2333,11.0
2334,2.0
2335,19.0
2336,12.0
2337,12.0
2338,7.0
2339,15.0
2340,11.0
2341,7.0
2342,1.0
2343,9.0
2344,12.0
2345,9.0
2346,1.0
2347,3.0
2348,2.0
2349,11.0
2350,6.0
2351,5.0
2352,10.0
2353,6.0
2354,13.0
2355,16.0
2356,19.0
2357,12.0
2358,9.0
2359,13.0
2360,19.0
2361,20.0
2362,6.0
2363,19.0
2364,18.0
2365,5.0
2366,13.0
2367,16.0
2368,16.0
2369,14.0
2370,16.0
2371,10.0
2372,4.0
2373,9.0
2374,12.0
2375,2.0
2376,12.0
2377,6.0
2378,16.0
2379,6.0
2380,9.0
2381,5.0
2382,2.0
2383,1.0
2384,15.0
2385,10.0
2386,14.0
2387,15.0
2388,3.0
2389,12.0
2390,7.0
2391,8.0
2392,17.0
2393,9.0
2394,15.0
2395,9.0
2396,18.0
2397,17.0
2398,18.0
2399,17.0
2400,14.0
2401,18.0
2402,11.0
2403,19.0
2404,13.0
2405,12.0
2406,19.0
2407,11.0
2408,19.0
2409,13.0
2410,20.0
2411,18.0
2412,19.0
2413,15.0
2414,5.0
2415,3.0
2416,16.0
2417,17.0
2418,12.0
2419,15.0
2420,13.0
2421,16.0
2422,1.0
2423,2.0
2424,19.0
2425,9.0
2426,8.0
2427,17.0
2428,14.0
2429,15.0
2430,14.0
2431,17.0
2432,14.0
2433,8.0
2434,12.0
2435,16.0
2436,2.0
2437,5.0
2438,18.0
2439,18.0
2440,11.0
2441,20.0
2442,11.0
2443,12.0
2444,7.0
2445,16.0
2446,16.0
2447,15.0
2448,1.0
2449,5.0
2450,10.0
2451,9.0
2452,11.0
2453,14.0
2454,10.0
2455,8.0
2456,11.0
2457,3.0
2458,6.0
2459,6.0
2460,4.0
2461,14.0
2462,18.0
2463,17.0
2464,7.0
2465,15.0
2466,13.0
2467,16.0
2468,11.0
2469,14.0
2470,11.0
2471,16.0
2472,18.0
2473,15.0
2474,13.0
2475,7.0
2476,4.0
2477,1.0
2478,13.0
2479,20.0
2480,12.0
2481,17.0
2482,2.0
2483,14.0
2484,5.0
2485,15.0
2486,13.0
2487,5.0
2488,10.0
2489,18.0
2490,18.0
2491,11.0
2492,19.0
2493,10.0
2494,16.0
2495,19.0
2496,13.0
2497,18.0
2498,15.0
2499,15.0
2500,2.0
2501,18.0
2502,16.0
2503,11.0
2504,3.0
2505,11.0
2506,7.0
2507,20.0
2508,12.0
2509,11.0
2510,12.0
2511,2.0
2512,1.0
2513,1.0
2514,2.0
2515,8.0
2516,3.0
2517,12.0
2518,7.0
2519,13.0
2520,9.0
2521,10.0
2522,11.0
2523,5.0
2524,6.0
2525,13.0
2526,11.0
2527,11.0
2528,9.0
2529,3.0
2530,11.0
2531,1.0
2532,3.0
2533,2.0
2534,10.0
2535,17.0
2536,3.0
2537,6.0
2538,8.0
2539,3.0
2540,13.0
2541,13.0
2542,6.0
2543,1.0
2544,9.0
2545,3.0
2546,6.0
2547,15.0
2548,9.0
2549,6.0
2550,17.0
2551,1.0
2552,6.0
2553,7.0
2554,18.0
2555,6.0
2556,15.0
2557,19.0
2558,16.0
2559,9.0
2560,1.0
2561,10.0
2562,2.0
2563,16.0
2564,18.0
2565,15.0
2566,3.0
2567,9.0
2568,15.0
2569,20.0
2570,18.0
2571,13.0
2572,11.0
2573,16.0
2574,6.0
2575,5.0
2576,20.0
2577,17.0
2578,12.0
2579,7.0
2580,6.0
2581,10.0
2582,1.0
2583,8.0
2584,15.0
2585,7.0
2586,5.0
2587,15.0
2588,19.0
2589,16.0
2590,2.0
2591,14.0
2592,18.0
2593,9.0
2594,6.0
2595,1.0
2596,9.0
2597,3.0
2598,11.0
2599,10.0
2600,3.0
2601,12.0
2602,5.0
2603,18.0
2604,19.0
2605,5.0
2606,5.0
2607,9.0
2608,15.0
2609,11.0
2610,17.0
2611,9.0
2612,1.0
2613,5.0
2614,1.0
2615,20.0
2616,13.0
2617,5.0
2618,8.0
2619,16.0
2620,17.0
2621,11.0
2622,10.0
2623,15.0
2624,16.0
2625,13.0
2626,9.0
2627,4.0
2628,8.0
2629,3.0
2630,5.0
2631,20.0
2632,5.0
2633,12.0
2634,6.0
2635,2.0
2636,9.0
2637,20.0
2638,2.0
2639,1.0
2640,10.0
2641,19.0
2642,20.0
2643,6.0
2644,12.0
2645,19.0
2646,14.0
2647,12.0
2648,9.0
2649,11.0
2650,6.0
2651,10.0
2652,5.0
2653,5.0
2654,18.0
2655,15.0
2656,19.0
2657,15.0
2658,3.0
2659,16.0
2660,3.0
2661,6.0
2662,14.0
2663,17.0
2664,12.0
2665,14.0
2666,12.0
2667,5.0
2668,19.0
2669,15.0
2670,9.0
2671,19.0
2672,18.0
2673,10.0
2674,4.0
2675,1.0
2676,9.0
2677,10.0
2678,12.0
2679,5.0
2680,11.0
2681,9.0
2682,12.0
2683,4.0
2684,15.0
2685,1.0
2686,14.0
2687,19.0
2688,6.0
2689,6.0
2690,6.0
2691,5.0
2692,1.0
2693,6.0
2694,14.0
2695,7.0
2696,18.0
2697,16.0
2698,18.0
2699,6.0
2700,2.0
2701,9.0
2702,3.0
2703,1.0
2704,11.0
2705,7.0
2706,8.0
2707,19.0
2708,18.0
2709,8.0
2710,6.0
2711,9.0
2712,3.0
2713,10.0
2714,18.0
2715,19.0
2716,17.0
2717,8.0
2718,9.0
2719,5.0
2720,2.0
2721,4.0
2722,4.0
2723,19.0
2724,9.0
2725,13.0
2726,18.0
2727,16.0
2728,18.0
2729,4.0
2730,17.0
2731,12.0
2732,20.0
2733,1.0
2734,18.0
2735,14.0
2736,4.0
2737,18.0
2738,12.0
2739,11.0
2740,2.0
2741,20.0
2742,17.0
2743,2.0
2744,2.0
2745,1.0
2746,8.0
2747,16.0
2748,17.0
2749,19.0
2750,9.0
2751,14.0
2752,13.0
2753,11.0
2754,8.0
2755,12.0
2756,17.0
2757,19.0
2758,19.0
2759,15.0
2760,9.0
2761,3.0
2762,5.0
2763,8.0
2764,10.0
2765,17.0
2766,1.0
2767,11.0
2768,8.0
2769,7.0
2770,1.0
2771,16.0
2772,8.0
2773,20.0
2774,17.0
2775,16.0
2776,5.0
2777,6.0
2778,4.0
2779,11.0
2780,9.0
2781,18.0
2782,17.0
2783,2.0
2784,11.0
2785,1.0
2786,10.0
2787,5.0
2788,20.0
2789,8.0
2790,16.0
2791,12.0
2792,20.0
2793,3.0
2794,6.0
2795,7.0
2796,12.0
2797,3.0
2798,14.0
2799,20.0
2800,14.0
2801,2.0
2802,19.0
2803,10.0
2804,3.0
2805,1.0
2806,5.0
2807,20.0
2808,12.0
2809,7.0
2810,14.0
2811,18.0
2812,15.0
2813,2.0
2814,20.0
2815,4.0
2816,8.0
2817,17.0
2818,19.0
2819,2.0
2820,4.0
2821,16.0
2822,5.0
2823,12.0
2824,13.0
2825,18.0
2826,14.0
2827,17.0
2828,14.0
2829,8.0
2830,16.0
2831,18.0
2832,17.0
2833,18.0
2834,17.0
2835,9.0
2836,2.0
2837,17.0
2838,4.0
2839,18.0
2840,5.0
2841,1.0
2842,15.0
2843,19.0
2844,5.0
2845,17.0
2846,19.0
2847,5.0
2848,2.0
2849,12.0
2850,8.0
2851,14.0
2852,16.0
2853,15.0
2854,8.0
2855,3.0
2856,9.0
2857,4.0
2858,10.0
2859,9.0
2860,11.0
2861,13.0
2862,17.0
2863,13.0
2864,14.0
2865,15.0
2866,12.0
2867,18.0
2868,14.0
2869,7.0
2870,11.0
2871,17.0
2872,15.0
2873,13.0
2874,3.0
2875,2.0
2876,14.0
2877,5.0
2878,18.0
2879,3.0
2880,4.0
2881,13.0
2882,15.0
2883,15.0
2884,15.0
2885,12.0
2886,4.0
2887,7.0
2888,14.0
2889,8.0
2890,4.0
2891,6.0
2892,10.0
2893,11.0
2894,13.0
2895,3.0
2896,14.0
2897,15.0
2898,11.0
2899,6.0
2900,12.0
2901,9.0
2902,6.0
2903,13.0
2904,4.0
2905,10.0
2906,12.0
2907,1.0
2908,13.0
2909,16.0
2910,16.0
2911,4.0
2912,7.0
2913,9.0
2914,16.0
2915,13.0
2916,10.0
2917,1.0
2918,15.0
2919,14.0
2920,6.0
2921,3.0
2922,3.0
2923,11.0
2924,5.0
2925,18.0
2926,15.0
2927,1.0
2928,2.0
2929,18.0
2930,19.0
2931,4.0
2932,8.0
2933,9.0
2934,13.0
2935,14.0
2936,16.0
2937,6.0
2938,14.0
2939,7.0
2940,8.0
2941,10.0
2942,20.0
2943,1.0
2944,4.0
2945,15.0
2946,9.0
2947,5.0
2948,16.0
2949,17.0
2950,9.0
2951,2.0
2952,8.0
2953,14.0
2954,11.0
2955,11.0
2956,20.0
2957,9.0
2958,12.0
2959,4.0
2960,17.0
2961,7.0
2962,10.0
2963,6.0
2964,6.0
2965,7.0
2966,5.0
2967,9.0
2968,20.0
2969,18.0
2970,6.0
2971,9.0
2972,12.0
2973,8.0
2974,14.0
2975,16.0
2976,6.0
2977,10.0
2978,16.0
2979,1.0
2980,7.0
2981,14.0
2982,14.0
2983,12.0
2984,11.0
2985,2.0
2986,12.0
2987,18.0
2988,12.0
2989,9.0
2990,15.0
2991,8.0
2992,14.0
2993,15.0
2994,11.0
2995,2.0
2996,10.0
2997,13.0
2998,14.0
2999,12.0
3000,20.0
3001,16.0
3002,13.0
3003,15.0
3004,2.0
3005,2.0
3006,4.0
3007,1.0
3008,12.0
3009,11.0
3010,9.0
3011,16.0
3012,14.0
3013,8.0
3014,17.0
3015,6.0
3016,6.0
3017,19.0
3018,3.0
3019,10.0
3020,7.0
3021,13.0
3022,14.0
3023,8.0
3024,12.0
3025,20.0
3026,16.0
3027,2.0
3028,20.0
3029,11.0
3030,8.0
3031,13.0
3032,5.0
3033,18.0
3034,6.0
3035,13.0
3036,15.0
3037,12.0
3038,7.0
3039,7.0
3040,8.0
3041,11.0
3042,7.0
3043,4.0
3044,15.0
3045,13.0
3046,14.0
3047,6.0
3048,12.0
3049,9.0
3050,1.0
3051,5.0
3052,13.0
3053,16.0
3054,4.0
3055,17.0
3056,6.0
3057,8.0
3058,17.0
3059,7.0
3060,11.0
3061,11.0
3062,7.0
3063,13.0
3064,17.0
3065,16.0
3066,15.0
3067,9.0
3068,12.0
3069,5.0
3070,5.0
3071,9.0
3072,3.0
3073,16.0
3074,19.0
3075,14.0
3076,7.0
3077,2.0
3078,15.0
3079,7.0
3080,13.0
3081,12.0
3082,8.0
3083,20.0
3084,14.0
3085,12.0
3086,20.0
3087,19.0
3088,5.0
3089,7.0
3090,3.0
3091,11.0
3092,19.0
3093,15.0
3094,20.0
3095,5.0
3096,12.0
3097,17.0
3098,10.0
3099,4.0
3100,16.0
3101,8.0
3102,1.0
3103,11.0
3104,12.0
3105,13.0
3106,3.0
3107,6.0
3108,16.0
3109,5.0
3110,12.0
3111,14.0
3112,3.0
3113,17.0
3114,7.0
3115,5.0
3116,17.0
3117,19.0
3118,9.0
3119,8.0
3120,7.0
3121,6.0
3122,7.0
3123,3.0
3124,6.0
3125,2.0
3126,14.0
3127,8.0
3128,10.0
3129,9.0
3130,5.0
3131,6.0
3132,15.0
3133,2.0
3134,18.0
3135,19.0
3136,9.0
3137,13.0
3138,4.0
3139,9.0
3140,12.0
3141,18.0
3142,10.0
3143,10.0
3144,11.0
3145,3.0
3146,10.0
3147,9.0
3148,4.0
3149,17.0
3150,13.0
3151,8.0
3152,4.0
3153,18.0
3154,19.0
3155,14.0
3156,1.0
3157,19.0
3158,16.0
3159,20.0
3160,19.0
3161,11.0
3162,1.0
3163,2.0
3164,13.0
3165,6.0
3166,3.0
3167,10.0
3168,3.0
3169,18.0
3170,20.0
3171,11.0
3172,6.0
3173,12.0
3174,19.0
3175,10.0
3176,12.0
3177,15.0
3178,20.0
3179,12.0
3180,15.0
3181,2.0
3182,13.0
3183,2.0
3184,8.0
3185,19.0
3186,18.0
3187,20.0
3188,5.0
3189,11.0
3190,18.0
3191,4.0
3192,13.0
3193,7.0
3194,17.0
3195,3.0
3196,16.0
3197,3.0
3198,4.0
3199,2.0
3200,3.0
3201,13.0
3202,1.0
3203,13.0
3204,2.0
3205,10.0
3206,6.0
3207,16.0
3208,17.0
3209,1.0
3210,2.0
3211,12.0
3212,7.0
3213,2.0
3214,17.0
3215,4.0
3216,1.0
3217,15.0
3218,9.0
3219,12.0
3220,2.0
3221,10.0
3222,5.0
3223,17.0
3224,17.0
3225,16.0
3226,10.0
3227,14.0
3228,2.0
3229,14.0
3230,17.0
3231,1.0
3232,8.0
3233,2.0
3234,13.0
3235,14.0
3236,7.0
3237,14.0
3238,7.0
3239,18.0
3240,9.0
3241,17.0
3242,7.0
3243,7.0
3244,7.0
3245,19.0
3246,9.0
3247,1.0
3248,11.0
3249,11.0
3250,15.0
3251,19.0
3252,14.0
3253,1.0
3254,16.0
3255,20.0
3256,12.0
3257,10.0
3258,18.0
3259,18.0
3260,16.0
3261,5.0
3262,10.0
3263,14.0
3264,8.0
3265,16.0
3266,1.0
3267,7.0
3268,2.0
3269,11.0
3270,15.0
3271,8.0
3272,7.0
3273,6.0
3274,6.0
3275,5.0
3276,12.0
3277,18.0
3278,7.0
3279,18.0
3280,3.0
3281,2.0
3282,7.0
3283,13.0
3284,14.0
3285,11.0
3286,2.0
3287,12.0
3288,6.0
3289,18.0
3290,17.0
3291,9.0
3292,3.0
3293,10.0
3294,12.0
3295,4.0
3296,10.0
3297,11.0
3298,6.0
3299,6.0
3300,2.0
3301,1.0
3302,8.0
3303,5.0
3304,11.0
3305,4.0
3306,18.0
3307,2.0
3308,13.0
3309,11.0
3310,2.0
3311,19.0
3312,11.0
3313,9.0
3314,19.0
3315,15.0
3316,10.0
3317,10.0
3318,17.0
3319,10.0
3320,9.0
3321,12.0
3322,12.0
3323,19.0
3324,2.0
3325,16.0
3326,1.0
3327,12.0
3328,5.0
3329,9.0
3330,4.0
3331,20.0
3332,1.0
3333,8.0
3334,14.0
3335,13.0
3336,5.0
3337,10.0
3338,14.0
3339,7.0
3340,2.0
3341,3.0
3342,2.0
3343,13.0
3344,19.0
3345,2.0
3346,16.0
3347,18.0
3348,9.0
3349,12.0
3350,3.0
3351,12.0
3352,2.0
3353,18.0
3354,12.0
3355,15.0
3356,3.0
3357,14.0
3358,6.0
3359,14.0
3360,14.0
3361,18.0
3362,10.0
3363,20.0
3364,19.0
3365,2.0
3366,1.0
3367,20.0
3368,4.0
3369,14.0
3370,7.0
3371,6.0
3372,5.0
3373,19.0
3374,7.0
3375,19.0
3376,19.0
3377,11.0
3378,12.0
3379,17.0
3380,18.0
3381,13.0
3382,12.0
3383,18.0
3384,6.0
3385,18.0
3386,4.0
3387,12.0
3388,19.0
3389,15.0
3390,9.0
3391,14.0
3392,10.0
3393,13.0
3394,1.0
3395,3.0
3396,6.0
3397,19.0
3398,8.0
3399,19.0
3400,15.0
3401,2.0
3402,17.0
3403,19.0
3404,14.0
3405,10.0
3406,9.0
3407,16.0
3408,7.0
3409,17.0
3410,6.0
3411,7.0
3412,10.0
3413,4.0
3414,19.0
3415,20.0
3416,17.0
3417,8.0
3418,4.0
3419,12.0
3420,5.0
3421,4.0
3422,12.0
3423,4.0
3424,8.0
3425,3.0
3426,17.0
3427,8.0
3428,16.0
3429,1.0
3430,17.0
3431,4.0
3432,15.0
3433,14.0
3434,20.0
3435,17.0
3436,20.0
3437,11.0
3438,6.0
3439,12.0
3440,14.0
3441,3.0
3442,18.0
3443,7.0
3444,1.0
3445,17.0
3446,2.0
3447,13.0
3448,7.0
3449,7.0
3450,1.0
3451,7.0
3452,8.0
3453,11.0
3454,20.0
3455,5.0
3456,15.0
3457,13.0
3458,12.0
3459,17.0
3460,5.0
3461,6.0
3462,17.0
3463,7.0
3464,5.0
3465,8.0
3466,11.0
3467,6.0
3468,6.0
3469,10.0
3470,16.0
3471,3.0
3472,2.0
3473,2.0
3474,4.0
3475,9.0
3476,15.0
3477,15.0
3478,3.0
3479,3.0
3480,20.0
3481,1.0
3482,9.0
3483,14.0
3484,4.0
3485,7.0
3486,13.0
3487,7.0
3488,10.0
3489,14.0
3490,10.0
3491,5.0
3492,5.0
3493,16.0
3494,17.0
3495,4.0
3496,9.0
3497,1.0
3498,6.0
3499,7.0
3500,18.0
3501,19.0
3502,9.0
3503,9.0
3504,16.0
3505,16.0
3506,1.0
3507,13.0
3508,7.0
3509,4.0
3510,4.0
3511,6.0
3512,2.0
3513,8.0
3514,1.0
3515,3.0
3516,4.0
3517,5.0
3518,2.0
3519,8.0
3520,3.0
3521,14.0
3522,14.0
3523,18.0
3524,15.0
3525,13.0
3526,6.0
3527,11.0
3528,16.0
3529,4.0
3530,4.0
3531,14.0
3532,6.0
3533,6.0
3534,16.0
3535,18.0
3536,16.0
3537,11.0
3538,7.0
3539,3.0
3540,5.0
3541,18.0
3542,1.0
3543,10.0
3544,13.0
3545,5.0
3546,14.0
3547,20.0
3548,10.0
3549,20.0
3550,11.0
3551,4.0
3552,6.0
3553,18.0
3554,16.0
3555,14.0
3556,12.0
3557,14.0
3558,1.0
3559,11.0
3560,9.0
3561,7.0
3562,20.0
3563,16.0
3564,19.0
3565,5.0
3566,10.0
3567,5.0
3568,2.0
3569,7.0
3570,5.0
3571,14.0
3572,7.0
3573,19.0
3574,12.0
3575,3.0
3576,10.0
3577,10.0
3578,15.0
3579,15.0
3580,3.0
3581,17.0
3582,14.0
3583,1.0
3584,4.0
3585,9.0
3586,17.0
3587,11.0
3588,4.0
3589,9.0
3590,7.0
3591,13.0
3592,14.0
3593,6.0
3594,12.0
3595,18.0
3596,7.0
3597,6.0
3598,10.0
3599,1.0
3600,15.0
3601,15.0
3602,5.0
3603,17.0
3604,18.0
3605,10.0
3606,17.0
3607,8.0
3608,11.0
3609,1.0
3610,18.0
3611,2.0
3612,17.0
3613,4.0
3614,18.0
3615,13.0
3616,20.0
3617,12.0
3618,20.0
3619,12.0
3620,16.0
3621,9.0
3622,6.0
3623,8.0
3624,1.0
3625,16.0
3626,15.0
3627,7.0
3628,6.0
3629,12.0
3630,8.0
3631,17.0
3632,9.0
3633,19.0
3634,14.0
3635,11.0
3636,15.0
3637,14.0
3638,17.0
3639,20.0
3640,4.0
3641,2.0
3642,5.0
3643,6.0
3644,12.0
3645,10.0
3646,14.0
3647,18.0
3648,2.0
3649,13.0
3650,9.0
3651,12.0
3652,3.0
3653,16.0
3654,6.0
3655,2.0
3656,1.0
3657,9.0
3658,12.0
3659,6.0
3660,7.0
3661,6.0
3662,2.0
3663,16.0
3664,11.0
3665,8.0
3666,17.0
3667,14.0
3668,6.0
3669,12.0
3670,13.0
3671,14.0
3672,6.0
3673,5.0
3674,7.0
3675,19.0
3676,19.0
3677,15.0
3678,19.0
3679,8.0
3680,14.0
3681,12.0
3682,15.0
3683,19.0
3684,7.0
3685,10.0
3686,16.0
3687,3.0
3688,13.0
3689,3.0
3690,6.0
3691,14.0
3692,1.0
3693,3.0
3694,18.0
3695,12.0
3696,18.0
3697,10.0
3698,6.0
3699,11.0
3700,10.0
3701,2.0
3702,2.0
3703,10.0
3704,17.0
3705,8.0
3706,18.0
3707,17.0
3708,13.0
3709,18.0
3710,1.0
3711,13.0
3712,14.0
3713,10.0
3714,1.0
3715,16.0
3716,1.0
3717,17.0
3718,6.0
3719,3.0
3720,19.0
3721,17.0
3722,2.0
3723,10.0
3724,11.0
3725,7.0
3726,17.0
3727,17.0
3728,1.0
3729,6.0
3730,15.0
3731,2.0
3732,12.0
3733,5.0
3734,5.0
3735,2.0
3736,7.0
3737,3.0
3738,5.0
3739,17.0
3740,9.0
3741,12.0
3742,13.0
3743,3.0
3744,15.0
3745,17.0
3746,13.0
3747,16.0
3748,7.0
3749,19.0
3750,13.0
3751,9.0
3752,13.0
3753,19.0
3754,13.0
3755,16.0
3756,13.0
3757,10.0
3758,18.0
3759,11.0
3760,2.0
3761,12.0
3762,20.0
3763,5.0
3764,13.0
3765,14.0
3766,15.0
3767,12.0
3768,11.0
3769,15.0
3770,15.0
3771,15.0
3772,3.0
3773,9.0
3774,4.0
3775,17.0
3776,2.0
3777,9.0
3778,2.0
3779,9.0
3780,6.0
3781,8.0
3782,10.0
3783,15.0
3784,10.0
3785,12.0
3786,4.0
3787,18.0
3788,11.0
3789,1.0
3790,16.0
3791,2.0
3792,16.0
3793,7.0
3794,4.0
3795,2.0
3796,8.0
3797,12.0
3798,4.0
3799,12.0
3800,15.0
3801,5.0
3802,9.0
3803,14.0
3804,11.0
3805,11.0
3806,16.0
3807,17.0
3808,16.0
3809,6.0
3810,11.0
3811,12.0
3812,17.0
3813,2.0
3814,16.0
3815,18.0
3816,19.0
3817,9.0
3818,13.0
3819,15.0
3820,12.0
3821,4.0
3822,20.0
3823,14.0
3824,16.0
3825,10.0
3826,8.0
3827,5.0
3828,13.0
3829,19.0
3830,11.0
3831,19.0
3832,12.0
3833,6.0
3834,2.0
3835,15.0
3836,12.0
3837,14.0
3838,5.0
3839,15.0
3840,13.0
3841,17.0
3842,7.0
3843,1.0
3844,17.0
3845,13.0
3846,6.0
3847,1.0
3848,5.0
3849,9.0
3850,14.0
3851,11.0
3852,13.0
3853,17.0
3854,10.0
3855,17.0
3856,2.0
3857,12.0
3858,12.0
3859,16.0
3860,8.0
3861,5.0
3862,14.0
3863,17.0
3864,16.0
3865,7.0
3866,9.0
3867,12.0
3868,16.0
3869,13.0
3870,17.0
3871,8.0
3872,12.0
3873,5.0
3874,7.0
3875,20.0
3876,14.0
3877,14.0
3878,18.0
3879,12.0
3880,3.0
3881,18.0
3882,18.0
3883,2.0
3884,6.0
3885,20.0
3886,11.0
3887,5.0
3888,9.0
3889,9.0
3890,14.0
3891,13.0
3892,11.0
3893,9.0
3894,5.0
3895,14.0
3896,6.0
3897,2.0
3898,15.0
3899,9.0
3900,17.0
3901,2.0
3902,5.0
3903,13.0
3904,18.0
3905,18.0
3906,3.0
3907,4.0
3908,7.0
3909,6.0
3910,9.0
3911,15.0
3912,14.0
3913,18.0
3914,1.0
3915,7.0
3916,13.0
3917,20.0
3918,14.0
3919,5.0
3920,19.0
3921,6.0
3922,18.0
3923,8.0
3924,17.0
3925,19.0
3926,8.0
3927,11.0
3928,3.0
3929,13.0
3930,13.0
3931,2.0
3932,3.0
3933,14.0
3934,20.0
3935,19.0
3936,8.0
3937,6.0
3938,15.0
3939,18.0
3940,2.0
3941,16.0
3942,17.0
3943,5.0
3944,16.0
3945,10.0
3946,9.0
3947,15.0
3948,15.0
3949,17.0
3950,4.0
3951,20.0
3952,8.0
3953,5.0
3954,8.0
3955,18.0
3956,15.0
3957,16.0
3958,15.0
3959,1.0
3960,2.0
3961,11.0
3962,12.0
3963,12.0
3964,6.0
3965,18.0
3966,5.0
3967,9.0
3968,1.0
3969,17.0
3970,13.0
3971,1.0
3972,10.0
3973,4.0
3974,14.0
3975,3.0
3976,3.0
3977,16.0
3978,13.0
3979,17.0
3980,15.0
3981,10.0
3982,14.0
3983,16.0
3984,16.0
3985,2.0
3986,14.0
3987,4.0
3988,10.0
3989,1.0
3990,16.0
3991,6.0
3992,15.0
3993,4.0
3994,19.0
3995,1.0
3996,20.0
3997,20.0
3998,6.0
3999,11.0
4000,7.0
4001,6.0
4002,8.0
4003,5.0
4004,14.0
4005,11.0
4006,13.0
4007,10.0
4008,13.0
4009,7.0
4010,20.0
4011,10.0
4012,17.0
4013,5.0
4014,15.0
4015,7.0
4016,18.0
4017,7.0
4018,17.0
4019,1.0
4020,7.0
4021,12.0
4022,20.0
4023,12.0
4024,3.0
4025,20.0
4026,14.0
4027,5.0
4028,16.0
4029,12.0
4030,12.0
4031,20.0
4032,16.0
4033,19.0
4034,16.0
4035,6.0
4036,8.0
4037,12.0
4038,8.0
4039,5.0
4040,15.0
4041,19.0
4042,11.0
4043,20.0
4044,8.0
4045,16.0
4046,12.0
4047,9.0
4048,13.0
4049,5.0
4050,11.0
4051,11.0
4052,4.0
4053,15.0
4054,19.0
4055,13.0
4056,4.0
4057,17.0
4058,11.0
4059,14.0
4060,19.0
4061,6.0
4062,17.0
4063,15.0
4064,12.0
4065,7.0
4066,18.0
4067,8.0
4068,8.0
4069,5.0
4070,15.0
4071,16.0
4072,13.0
4073,18.0
4074,19.0
4075,12.0
4076,20.0
4077,6.0
4078,9.0
4079,4.0
4080,4.0
4081,4.0
4082,5.0
4083,14.0
4084,10.0
4085,20.0
4086,20.0
4087,19.0
4088,15.0
4089,17.0
4090,18.0
4091,14.0
4092,18.0
4093,3.0
4094,4.0
4095,20.0
4096,18.0
4097,3.0
4098,14.0
4099,8.0
4100,18.0
4101,20.0
4102,14.0
4103,6.0
4104,19.0
4105,1.0
4106,18.0
4107,13.0
4108,5.0
4109,2.0
4110,16.0
4111,12.0
4112,6.0
4113,19.0
4114,1.0
4115,4.0
4116,13.0
4117,13.0
4118,14.0
4119,8.0
4120,6.0
4121,17.0
4122,1.0
4123,4.0
4124,7.0
4125,11.0
4126,7.0
4127,13.0
4128,16.0
4129,7.0
4130,16.0
4131,12.0
4132,6.0
4133,8.0
4134,18.0
4135,6.0
4136,19.0
4137,9.0
4138,1.0
4139,1.0
4140,14.0
4141,9.0
4142,14.0
4143,14.0
4144,7.0
4145,8.0
4146,15.0
4147,20.0
4148,10.0
4149,20.0
4150,5.0
4151,7.0
4152,3.0
4153,12.0
4154,9.0
4155,13.0
4156,9.0
4157,12.0
4158,19.0
4159,3.0
4160,19.0
4161,20.0
4162,20.0
4163,15.0
4164,4.0
4165,4.0
4166,19.0
4167,2.0
4168,9.0
4169,16.0
4170,17.0
4171,14.0
4172,16.0
4173,19.0
4174,3.0
4175,12.0
4176,7.0
4177,14.0
4178,3.0
4179,10.0
4180,8.0
4181,9.0
4182,11.0
4183,15.0
4184,14.0
4185,15.0
4186,18.0
4187,7.0
4188,1.0
4189,11.0
4190,16.0
4191,15.0
4192,3.0
4193,10.0
4194,3.0
4195,17.0
4196,3.0
4197,4.0
4198,9.0
4199,12.0
4200,10.0
4201,19.0
4202,12.0
4203,2.0
4204,19.0
4205,16.0
4206,20.0
4207,12.0
4208,5.0
4209,9.0
4210,19.0
4211,10.0
4212,17.0
4213,3.0
4214,14.0
4215,3.0
4216,15.0
4217,6.0
4218,10.0
4219,5.0
4220,5.0
4221,5.0
4222,16.0
4223,8.0
4224,19.0
4225,16.0
4226,7.0
4227,14.0
4228,13.0
4229,12.0
4230,18.0
4231,2.0
4232,14.0
4233,15.0
4234,18.0
4235,12.0
4236,19.0
4237,11.0
4238,15.0
4239,12.0
4240,5.0
4241,19.0
4242,17.0
4243,2.0
4244,8.0
4245,4.0
4246,3.0
4247,9.0
4248,4.0
4249,9.0
4250,10.0
4251,1.0
4252,20.0
4253,3.0
4254,3.0
4255,4.0
4256,17.0
4257,15.0
4258,7.0
4259,8.0
4260,5.0
4261,1.0
4262,12.0
4263,13.0
4264,13.0
4265,1.0
4266,3.0
4267,12.0
4268,4.0
4269,5.0
4270,12.0
4271,19.0
4272,5.0
4273,2.0
4274,3.0
4275,19.0
4276,4.0
4277,10.0
4278,10.0
4279,7.0
4280,14.0
4281,5.0
4282,15.0
4283,14.0
4284,9.0
4285,14.0
4286,10.0
4287,2.0
4288,15.0
4289,3.0
4290,12.0
4291,20.0
4292,9.0
4293,11.0
4294,16.0
4295,19.0
4296,13.0
4297,2.0
4298,19.0
4299,20.0
4300,19.0
4301,16.0
4302,2.0
4303,19.0
4304,5.0
4305,3.0
4306,16.0
4307,2.0
4308,9.0
4309,9.0
4310,2.0
4311,18.0
4312,1.0
4313,18.0
4314,17.0
4315,3.0
4316,5.0
4317,11.0
4318,14.0
4319,11.0
4320,8.0
4321,4.0
4322,9.0
4323,8.0
4324,11.0
4325,7.0
4326,2.0
4327,6.0
4328,20.0
4329,18.0
4330,3.0
4331,1.0
4332,6.0
4333,19.0
4334,12.0
4335,14.0
4336,10.0
4337,3.0
4338,12.0
4339,6.0
4340,5.0
4341,9.0
4342,17.0
4343,18.0
4344,18.0
4345,17.0
4346,14.0
4347,7.0
4348,3.0
4349,1.0
4350,15.0
4351,1.0
4352,7.0
4353,5.0
4354,17.0
4355,16.0
4356,12.0
4357,5.0
4358,5.0
4359,2.0
4360,16.0
4361,20.0
4362,16.0
4363,12.0
4364,2.0
4365,5.0
4366,2.0
4367,3.0
4368,15.0
4369,14.0
4370,14.0
4371,13.0
4372,8.0
4373,7.0
4374,3.0
4375,4.0
4376,1.0
4377,9.0
4378,10.0
4379,14.0
4380,17.0
4381,11.0
4382,13.0
4383,4.0
4384,16.0
4385,14.0
4386,2.0
4387,14.0
4388,14.0
4389,8.0
4390,20.0
4391,3.0
4392,12.0
4393,7.0
4394,11.0
4395,7.0
4396,11.0
4397,6.0
4398,13.0
4399,8.0
4400,16.0
4401,18.0
4402,16.0
4403,9.0
4404,18.0
4405,2.0
4406,4.0
4407,3.0
4408,6.0
4409,14.0
4410,19.0
4411,15.0
4412,5.0
4413,20.0
4414,12.0
4415,14.0
4416,6.0
4417,18.0
4418,6.0
4419,17.0
4420,6.0
4421,2.0
4422,18.0
4423,20.0
4424,4.0
4425,12.0
4426,7.0
4427,18.0
4428,8.0
4429,18.0
4430,20.0
4431,10.0
4432,18.0
4433,18.0
4434,14.0
4435,11.0
4436,2.0
4437,10.0
4438,11.0
4439,16.0
4440,4.0
4441,13.0
4442,2.0
4443,4.0
4444,14.0
4445,15.0
4446,19.0
4447,11.0
4448,9.0
4449,14.0
4450,11.0
4451,1.0
4452,9.0
4453,15.0
4454,3.0
4455,14.0
4456,11.0
4457,10.0
4458,10.0
4459,11.0
4460,1.0
4461,16.0
4462,4.0
4463,15.0
4464,13.0
4465,8.0
4466,6.0
4467,14.0
4468,9.0
4469,6.0
4470,11.0
4471,11.0
4472,8.0
4473,4.0
4474,12.0
4475,15.0
4476,5.0
4477,16.0
4478,8.0
4479,18.0
4480,14.0
4481,8.0
4482,9.0
4483,6.0
4484,19.0
4485,8.0
4486,12.0
4487,11.0
4488,2.0
4489,12.0
4490,9.0
4491,8.0
4492,13.0
4493,14.0
4494,5.0
4495,13.0
4496,16.0
4497,1.0
4498,5.0
4499,10.0
4500,7.0
4501,20.0
4502,19.0
4503,19.0
4504,14.0
4505,13.0
4506,11.0
4507,9.0
4508,16.0
4509,17.0
4510,20.0
4511,19.0
4512,12.0
4513,20.0
4514,8.0
4515,6.0
4516,1.0
4517,18.0
4518,12.0
4519,15.0
4520,2.0
4521,12.0
4522,9.0
4523,17.0
4524,3.0
4525,3.0
4526,17.0
4527,19.0
4528,9.0
4529,13.0
4530,14.0
4531,8.0
4532,3.0
4533,4.0
4534,18.0
4535,1.0
4536,5.0
4537,20.0
4538,8.0
4539,11.0
4540,13.0
4541,19.0
4542,19.0
4543,10.0
4544,16.0
4545,3.0
4546,16.0
4547,9.0
4548,15.0
4549,18.0
4550,18.0
4551,20.0
4552,8.0
4553,2.0
4554,1.0
4555,12.0
4556,12.0
4557,20.0
4558,5.0
4559,18.0
4560,10.0
4561,12.0
4562,5.0
4563,6.0
4564,13.0
4565,3.0
4566,13.0
4567,9.0
4568,18.0
4569,16.0
4570,18.0
4571,18.0
4572,1.0
4573,20.0
4574,11.0
4575,2.0
4576,6.0
4577,1.0
4578,2.0
4579,8.0
4580,15.0
4581,4.0
4582,5.0
4583,2.0
4584,7.0
4585,5.0
4586,14.0
4587,9.0
4588,2.0
4589,1.0
4590,19.0
4591,7.0
4592,6.0
4593,15.0
4594,17.0
4595,17.0
4596,10.0
4597,10.0
4598,17.0
4599,18.0
4600,9.0
4601,11.0
4602,19.0
4603,18.0
4604,12.0
4605,9.0
4606,19.0
4607,6.0
4608,13.0
4609,13.0
4610,12.0
4611,1.0
4612,17.0
4613,3.0
4614,13.0
4615,19.0
4616,1.0
4617,4.0
4618,8.0
4619,14.0
4620,16.0
4621,2.0
4622,19.0
4623,6.0
4624,8.0
4625,7.0
4626,11.0
4627,11.0
4628,3.0
4629,7.0
4630,9.0
4631,14.0
4632,3.0
4633,12.0
4634,6.0
4635,20.0
4636,15.0
4637,2.0
4638,13.0
4639,19.0
4640,20.0
4641,12.0
4642,7.0
4643,20.0
4644,5.0
4645,20.0
4646,19.0
4647,6.0
4648,4.0
4649,19.0
4650,15.0
4651,4.0
4652,6.0
4653,13.0
4654,11.0
4655,18.0
4656,1.0
4657,12.0
4658,6.0
4659,13.0
4660,18.0
4661,14.0
4662,7.0
4663,6.0
4664,12.0
4665,17.0
4666,16.0
4667,13.0
4668,14.0
4669,3.0
4670,6.0
4671,7.0
4672,13.0
4673,8.0
4674,11.0
4675,14.0
4676,20.0
4677,19.0
4678,13.0
4679,7.0
4680,20.0
4681,16.0
4682,13.0
4683,18.0
4684,18.0
4685,17.0
4686,13.0
4687,8.0
4688,18.0
4689,1.0
4690,18.0
4691,1.0
4692,5.0
4693,19.0
4694,18.0
4695,6.0
4696,9.0
4697,19.0
4698,18.0
4699,19.0
4700,5.0
4701,17.0
4702,16.0
4703,5.0
4704,5.0
4705,3.0
4706,18.0
4707,19.0
4708,3.0
4709,16.0
4710,8.0
4711,15.0
4712,9.0
4713,5.0
4714,10.0
4715,11.0
4716,11.0
4717,8.0
4718,17.0
4719,8.0
4720,16.0
4721,2.0
4722,9.0
4723,4.0
4724,6.0
4725,5.0
4726,6.0
4727,14.0
4728,12.0
4729,3.0
4730,14.0
4731,8.0
4732,9.0
4733,11.0
4734,14.0
4735,13.0
4736,14.0
4737,8.0
4738,7.0
4739,8.0
4740,10.0
4741,8.0
4742,20.0
4743,18.0
4744,2.0
4745,12.0
4746,14.0
4747,12.0
4748,2.0
4749,4.0
4750,13.0
4751,4.0
4752,11.0
4753,6.0
4754,9.0
4755,20.0
4756,20.0
4757,6.0
4758,10.0
4759,2.0
4760,11.0
4761,13.0
4762,19.0
4763,11.0
4764,8.0
4765,5.0
4766,12.0
4767,1.0
4768,15.0
4769,17.0
4770,2.0
4771,19.0
4772,9.0
4773,3.0
4774,15.0
4775,13.0
4776,8.0
4777,2.0
4778,9.0
4779,5.0
4780,14.0
4781,18.0
4782,9.0
4783,5.0
4784,9.0
4785,7.0
4786,13.0
4787,5.0
4788,10.0
4789,16.0
4790,8.0
4791,13.0
4792,1.0
4793,6.0
4794,3.0
4795,11.0
4796,12.0
4797,11.0
4798,20.0
4799,4.0
4800,5.0
4801,13.0
4802,13.0
4803,14.0
4804,18.0
4805,12.0
4806,8.0
4807,16.0
4808,17.0
4809,11.0
4810,2.0
4811,9.0
4812,19.0
4813,8.0
4814,12.0
4815,19.0
4816,15.0
4817,19.0
4818,10.0
4819,3.0
4820,15.0
4821,9.0
4822,6.0
4823,6.0
4824,6.0
4825,6.0
4826,17.0
4827,14.0
4828,18.0
4829,15.0
4830,2.0
4831,6.0
4832,13.0
4833,10.0
4834,7.0
4835,10.0
4836,19.0
4837,6.0
4838,3.0
4839,12.0
4840,2.0
4841,3.0
4842,7.0
4843,15.0
4844,1.0
4845,13.0
4846,2.0
4847,9.0
4848,15.0
4849,19.0
4850,11.0
4851,13.0
4852,15.0
4853,2.0
4854,13.0
4855,13.0
4856,9.0
4857,15.0
4858,6.0
4859,18.0
4860,6.0
4861,15.0
4862,9.0
4863,3.0
4864,18.0
4865,14.0
4866,20.0
4867,8.0
4868,2.0
4869,9.0
4870,20.0
4871,17.0
4872,15.0
4873,15.0
4874,11.0
4875,8.0
4876,1.0
4877,14.0
4878,1.0
4879,13.0
4880,6.0
4881,3.0
4882,15.0
4883,2.0
4884,1.0
4885,18.0
4886,10.0
4887,14.0
4888,13.0
4889,9.0
4890,1.0
4891,3.0
4892,6.0
4893,15.0
4894,3.0
4895,15.0
4896,18.0
4897,1.0
4898,15.0
4899,17.0
4900,20.0
4901,18.0
4902,15.0
4903,4.0
4904,18.0
4905,18.0
4906,7.0
4907,20.0
4908,5.0
4909,17.0
4910,16.0
4911,11.0
4912,20.0
4913,3.0
4914,18.0
4915,13.0
4916,2.0
4917,14.0
4918,7.0
4919,16.0
4920,3.0
4921,11.0
4922,16.0
4923,14.0
4924,5.0
4925,8.0
4926,1.0
4927,2.0
4928,19.0
4929,7.0
4930,7.0
4931,5.0
4932,1.0
4933,8.0
4934,16.0
4935,6.0
4936,2.0
4937,20.0
4938,4.0
4939,5.0
4940,17.0
4941,13.0
4942,12.0
4943,5.0
4944,8.0
4945,5.0
4946,14.0
4947,14.0
4948,17.0
4949,11.0
4950,19.0
4951,2.0
4952,18.0
4953,5.0
4954,11.0
4955,14.0
4956,7.0
4957,2.0
4958,3.0
4959,18.0
4960,12.0
4961,8.0
4962,2.0
4963,11.0
4964,2.0
4965,5.0
4966,3.0
4967,1.0
4968,20.0
4969,10.0
4970,16.0
4971,18.0
4972,8.0
4973,3.0
4974,20.0
4975,17.0
4976,2.0
4977,12.0
4978,5.0
4979,9.0
4980,3.0
4981,20.0
4982,17.0
4983,19.0
4984,15.0
4985,13.0
4986,10.0
4987,13.0
4988,1.0
4989,5.0
4990,6.0
4991,18.0
4992,13.0
4993,10.0
4994,8.0
4995,15.0
4996,1.0
4997,18.0
4998,16.0
4999,19.0
5000,4.0
5001,9.0
5002,6.0
5003,17.0
5004,20.0
5005,12.0
5006,2.0
5007,8.0
5008,11.0
5009,1.0
5010,7.0
5011,14.0
5012,12.0
5013,18.0
5014,16.0
5015,5.0
5016,18.0
5017,2.0
5018,3.0
5019,15.0
5020,1.0
5021,4.0
5022,8.0
5023,2.0
5024,9.0
5025,7.0
5026,3.0
5027,19.0
5028,17.0
5029,12.0
5030,3.0
5031,3.0
5032,11.0
5033,6.0
5034,18.0
5035,8.0
5036,14.0
5037,12.0
5038,4.0
5039,18.0
5040,19.0
5041,3.0
5042,20.0
5043,7.0
5044,11.0
5045,7.0
5046,2.0
5047,5.0
5048,7.0
5049,10.0
5050,13.0
5051,18.0
5052,9.0
5053,12.0
5054,8.0
5055,9.0
5056,4.0
5057,6.0
5058,7.0
5059,6.0
5060,10.0
5061,7.0
5062,15.0
5063,11.0
5064,17.0
5065,12.0
5066,6.0
5067,16.0
5068,14.0
5069,10.0
5070,4.0
5071,1.0
5072,17.0
5073,7.0
5074,15.0
5075,16.0
5076,10.0
5077,5.0
5078,12.0
5079,13.0
5080,15.0
5081,4.0
5082,19.0
5083,13.0
5084,9.0
5085,7.0
5086,11.0
5087,17.0
5088,1.0
5089,8.0
5090,19.0
5091,6.0
5092,2.0
5093,19.0
5094,8.0
5095,2.0
5096,18.0
5097,14.0
5098,8.0
5099,18.0
5100,5.0
5101,8.0
5102,14.0
5103,3.0
5104,17.0
5105,18.0
5106,2.0
5107,3.0
5108,4.0
5109,2.0
5110,2.0
5111,4.0
5112,8.0
5113,11.0
5114,17.0
5115,11.0
5116,20.0
5117,14.0
5118,19.0
5119,15.0
5120,14.0
5121,2.0
5122,17.0
5123,20.0
5124,16.0
5125,9.0
5126,4.0
5127,13.0
5128,9.0
5129,15.0
5130,2.0
5131,14.0
5132,1.0
5133,2.0
5134,19.0
5135,20.0
5136,4.0
5137,2.0
5138,8.0
5139,2.0
5140,16.0
5141,5.0
5142,6.0
5143,19.0
5144,20.0
5145,16.0
5146,6.0
5147,4.0
5148,15.0
5149,4.0
5150,1.0
5151,20.0
5152,12.0
5153,4.0
5154,18.0
5155,10.0
5156,3.0
5157,2.0
5158,7.0
5159,3.0
5160,4.0
5161,2.0
5162,9.0
5163,7.0
5164,19.0
5165,13.0
5166,9.0
5167,14.0
5168,2.0
5169,12.0
5170,5.0
5171,15.0
5172,6.0
5173,3.0
5174,17.0
5175,18.0
5176,13.0
5177,6.0
5178,12.0
5179,6.0
5180,19.0
5181,9.0
5182,15.0
5183,16.0
5184,11.0
5185,13.0
5186,8.0
5187,1.0
5188,6.0
5189,14.0
5190,3.0
5191,18.0
5192,6.0
5193,6.0
5194,13.0
5195,1.0
5196,12.0
5197,17.0
5198,15.0
5199,10.0
5200,16.0
5201,8.0
5202,15.0
5203,7.0
5204,8.0
5205,11.0
5206,2.0
5207,14.0
5208,14.0
5209,20.0
5210,13.0
5211,1.0
5212,17.0
5213,7.0
5214,17.0
5215,15.0
5216,2.0
5217,17.0
5218,9.0
5219,15.0
5220,13.0
5221,13.0
5222,12.0
5223,12.0
5224,6.0
5225,16.0
5226,16.0
5227,4.0
5228,14.0
5229,8.0
5230,2.0
5231,16.0
5232,16.0
5233,3.0
5234,5.0
5235,18.0
5236,14.0
5237,9.0
5238,1.0
5239,12.0
5240,10.0
5241,17.0
5242,19.0
5243,7.0
5244,7.0
5245,2.0
5246,2.0
5247,3.0
5248,18.0
5249,16.0
5250,7.0
5251,7.0
5252,4.0
5253,19.0
5254,19.0
5255,4.0
5256,11.0
5257,16.0
5258,20.0
5259,14.0
5260,15.0
5261,10.0
5262,20.0
5263,19.0
5264,2.0
5265,8.0
5266,13.0
5267,18.0
5268,10.0
5269,15.0
5270,3.0
5271,2.0
5272,18.0
5273,2.0
5274,16.0
5275,9.0
5276,1.0
5277,14.0
5278,10.0
5279,19.0
5280,15.0
5281,17.0
5282,9.0
5283,9.0
5284,9.0
5285,16.0
5286,7.0
5287,8.0
5288,6.0
5289,9.0
5290,19.0
5291,12.0
5292,6.0
5293,20.0
5294,2.0
5295,5.0
5296,5.0
5297,13.0
5298,20.0
5299,3.0
5300,14.0
5301,6.0
5302,1.0
5303,8.0
5304,18.0
5305,1.0
5306,16.0
5307,12.0
5308,16.0
5309,12.0
5310,13.0
5311,14.0
5312,17.0
5313,18.0
5314,13.0
5315,15.0
5316,3.0
5317,1.0
5318,11.0
5319,4.0
5320,9.0
5321,13.0
5322,3.0
5323,5.0
5324,8.0
5325,3.0
5326,9.0
5327,15.0
5328,7.0
5329,12.0
5330,12.0
5331,18.0
5332,6.0
5333,11.0
5334,7.0
5335,7.0
5336,9.0
5337,2.0
5338,9.0
5339,2.0
5340,16.0
5341,19.0
5342,4.0
5343,13.0
5344,18.0
5345,14.0
5346,6.0
5347,6.0
5348,5.0
5349,9.0
5350,7.0
5351,1.0
5352,9.0
5353,4.0
5354,14.0
5355,12.0
5356,18.0
5357,10.0
5358,16.0
5359,19.0
5360,15.0
5361,15.0
5362,11.0
5363,18.0
5364,11.0
5365,18.0
5366,10.0
5367,2.0
5368,12.0
5369,6.0
5370,17.0
5371,18.0
5372,18.0
5373,13.0
5374,3.0
5375,13.0
5376,15.0
5377,1.0
5378,14.0
5379,16.0
5380,6.0
5381,19.0
5382,16.0
5383,6.0
5384,20.0
5385,1.0
5386,5.0
5387,4.0
5388,8.0
5389,9.0
5390,11.0
5391,16.0
5392,4.0
5393,19.0
5394,19.0
5395,8.0
5396,19.0
5397,15.0
5398,6.0
5399,16.0
5400,7.0
5401,16.0
5402,18.0
5403,10.0
5404,5.0
5405,3.0
5406,18.0
5407,16.0
5408,6.0
5409,7.0
5410,12.0
5411,13.0
5412,15.0
5413,12.0
5414,17.0
5415,3.0
5416,5.0
5417,20.0
5418,10.0
5419,10.0
5420,11.0
5421,19.0
5422,3.0
5423,13.0
5424,9.0
5425,19.0
5426,20.0
5427,13.0
5428,8.0
5429,19.0
5430,2.0
5431,3.0
5432,17.0
5433,3.0
5434,10.0
5435,14.0
5436,17.0
5437,2.0
5438,12.0
5439,19.0
5440,13.0
5441,17.0
5442,8.0
5443,2.0
5444,20.0
5445,2.0
5446,17.0
5447,20.0
5448,6.0
5449,8.0
5450,10.0
5451,7.0
5452,12.0
5453,7.0
5454,2.0
5455,17.0
5456,4.0
5457,16.0
5458,14.0
5459,17.0
5460,18.0
5461,11.0
5462,10.0
5463,16.0
5464,5.0
5465,16.0
5466,20.0
5467,13.0
5468,8.0
5469,15.0
5470,6.0
5471,12.0
5472,14.0
5473,11.0
5474,16.0
5475,5.0
5476,16.0
5477,18.0
5478,7.0
5479,1.0
5480,6.0
5481,20.0
5482,11.0
5483,15.0
5484,18.0
5485,4.0
5486,16.0
5487,20.0
5488,11.0
5489,12.0
5490,14.0
5491,17.0
5492,6.0
5493,12.0
5494,7.0
5495,11.0
5496,15.0
5497,4.0
5498,13.0
5499,4.0
5500,19.0
5501,15.0
5502,8.0
5503,16.0
5504,5.0
5505,20.0
5506,3.0
5507,15.0
5508,2.0
5509,2.0
5510,14.0
5511,14.0
5512,13.0
5513,12.0
5514,18.0
5515,3.0
5516,1.0
5517,14.0
5518,18.0
5519,8.0
5520,13.0
5521,15.0
5522,20.0
5523,10.0
5524,2.0
5525,7.0
5526,15.0
5527,10.0
5528,3.0
5529,15.0
5530,8.0
5531,12.0
5532,12.0
5533,19.0
5534,17.0
5535,10.0
5536,10.0
5537,18.0
5538,13.0
5539,4.0
5540,4.0
5541,20.0
5542,17.0
5543,7.0
5544,3.0
5545,5.0
5546,2.0
5547,2.0
5548,7.0
5549,10.0
5550,6.0
5551,12.0
5552,5.0
5553,8.0
5554,13.0
5555,11.0
5556,4.0
5557,17.0
5558,9.0
5559,12.0
5560,1.0
5561,5.0
5562,20.0
5563,19.0
5564,9.0
5565,18.0
5566,12.0
5567,11.0
5568,18.0
5569,16.0
5570,1.0
5571,15.0
5572,6.0
5573,9.0
5574,11.0
5575,1.0
5576,15.0
5577,7.0
5578,6.0
5579,8.0
5580,6.0
5581,1.0
5582,6.0
5583,7.0
5584,14.0
5585,5.0
5586,9.0
5587,12.0
5588,2.0
5589,19.0
5590,8.0
5591,11.0
5592,13.0
5593,3.0
5594,16.0
5595,18.0
5596,19.0
5597,14.0
5598,5.0
5599,2.0
5600,20.0
5601,19.0
5602,18.0
5603,4.0
5604,8.0
5605,12.0
5606,5.0
5607,17.0
5608,17.0
5609,5.0
5610,8.0
5611,9.0
5612,6.0
5613,4.0
5614,2.0
5615,17.0
5616,17.0
5617,5.0
5618,4.0
5619,6.0
5620,12.0
5621,18.0
5622,16.0
5623,5.0
5624,4.0
5625,6.0
5626,2.0
5627,4.0
5628,2.0
5629,10.0
5630,12.0
5631,4.0
5632,1.0
5633,12.0
5634,11.0
5635,1.0
5636,7.0
5637,8.0
5638,7.0
5639,15.0
5640,5.0
5641,12.0
5642,6.0
5643,3.0
5644,6.0
5645,3.0
5646,2.0
5647,18.0
5648,12.0
5649,14.0
5650,10.0
5651,7.0
5652,16.0
5653,18.0
5654,11.0
5655,7.0
5656,2.0
5657,9.0
5658,6.0
5659,5.0
5660,7.0
5661,12.0
5662,13.0
5663,13.0
5664,16.0
5665,10.0
5666,13.0
5667,2.0
5668,16.0
5669,10.0
5670,8.0
5671,3.0
5672,7.0
5673,6.0
5674,10.0
5675,1.0
5676,17.0
5677,5.0
5678,12.0
5679,5.0
5680,3.0
5681,13.0
5682,10.0
5683,20.0
5684,3.0
5685,12.0
5686,3.0
5687,5.0
5688,7.0
5689,11.0
5690,12.0
5691,2.0
5692,1.0
5693,3.0
5694,10.0
5695,6.0
5696,6.0
5697,11.0
5698,11.0
5699,13.0
5700,10.0
5701,13.0
5702,1.0
5703,15.0
5704,14.0
5705,20.0
5706,12.0
5707,14.0
5708,20.0
5709,6.0
5710,14.0
5711,19.0
5712,15.0
5713,16.0
5714,18.0
5715,14.0
5716,7.0
5717,7.0
5718,18.0
5719,7.0
5720,5.0
5721,5.0
5722,19.0
5723,15.0
5724,6.0
5725,17.0
5726,8.0
5727,16.0
5728,13.0
5729,17.0
5730,17.0
5731,17.0
5732,3.0
5733,10.0
5734,14.0
5735,17.0
5736,13.0
5737,1.0
5738,13.0
5739,17.0
5740,11.0
5741,12.0
5742,7.0
5743,5.0
5744,13.0
5745,13.0
5746,10.0
5747,12.0
5748,5.0
5749,19.0
5750,8.0
5751,19.0
5752,1.0
5753,14.0
5754,17.0
5755,20.0
5756,17.0
5757,11.0
5758,12.0
5759,6.0
5760,2.0
5761,13.0
5762,5.0
5763,18.0
5764,18.0
5765,2.0
5766,14.0
5767,11.0
5768,14.0
5769,19.0
5770,1.0
5771,11.0
5772,15.0
5773,11.0
5774,12.0
5775,16.0
5776,5.0
5777,3.0
5778,10.0
5779,15.0
5780,3.0
5781,10.0
5782,12.0
5783,13.0
5784,11.0
5785,12.0
5786,18.0
5787,19.0
5788,2.0
5789,10.0
5790,15.0
5791,1.0
5792,13.0
5793,14.0
5794,18.0
5795,7.0
5796,2.0
5797,6.0
5798,10.0
5799,13.0
5800,19.0
5801,16.0
5802,2.0
5803,14.0
5804,1.0
5805,15.0
5806,4.0
5807,16.0
5808,5.0
5809,19.0
5810,7.0
5811,17.0
5812,17.0
5813,1.0
5814,12.0
5815,8.0
5816,11.0
5817,5.0
5818,8.0
5819,10.0
5820,14.0
5821,14.0
5822,18.0
5823,12.0
5824,8.0
5825,10.0
5826,16.0
5827,19.0
5828,4.0
5829,6.0
5830,11.0
5831,3.0
5832,18.0
5833,20.0
5834,2.0
5835,11.0
5836,17.0
5837,8.0
5838,6.0
5839,9.0
5840,9.0
5841,5.0
5842,8.0
5843,11.0
5844,9.0
5845,18.0
5846,17.0
5847,10.0
5848,15.0
5849,14.0
5850,1.0
5851,2.0
5852,15.0
5853,18.0
5854,8.0
5855,9.0
5856,5.0
5857,18.0
5858,18.0
5859,15.0
5860,13.0
5861,13.0
5862,14.0
5863,20.0
5864,8.0
5865,11.0
5866,6.0
5867,8.0
5868,5.0
5869,3.0
5870,17.0
5871,13.0
5872,9.0
5873,14.0
5874,12.0
5875,12.0
5876,18.0
5877,6.0
5878,6.0
5879,7.0
5880,17.0
5881,8.0
5882,15.0
5883,11.0
5884,11.0
5885,9.0
5886,8.0
5887,1.0
5888,4.0
5889,7.0
5890,6.0
5891,15.0
5892,12.0
5893,9.0
5894,10.0
5895,11.0
5896,3.0
5897,16.0
5898,15.0
5899,13.0
5900,7.0
5901,16.0
5902,7.0
5903,7.0
5904,6.0
5905,20.0
5906,15.0
5907,9.0
5908,18.0
5909,11.0
5910,8.0
5911,2.0
5912,7.0
5913,12.0
5914,15.0
5915,1.0
5916,4.0
5917,4.0
5918,1.0
5919,12.0
5920,13.0
5921,11.0
5922,6.0
5923,11.0
5924,20.0
5925,13.0
5926,14.0
5927,9.0
5928,4.0
5929,18.0
5930,5.0
5931,8.0
5932,19.0
5933,14.0
5934,17.0
5935,7.0
5936,11.0
5937,4.0
5938,20.0
5939,11.0
5940,5.0
5941,5.0
5942,8.0
5943,15.0
5944,10.0
5945,15.0
5946,16.0
5947,19.0
5948,3.0
5949,11.0
5950,13.0
5951,13.0
5952,11.0
5953,14.0
5954,19.0
5955,2.0
5956,8.0
5957,18.0
5958,13.0
5959,7.0
5960,13.0
5961,16.0
5962,12.0
5963,9.0
5964,5.0
5965,5.0
5966,4.0
5967,12.0
5968,19.0
5969,17.0
5970,4.0
5971,7.0
5972,4.0
5973,3.0
5974,12.0
5975,8.0
5976,8.0
5977,11.0
5978,19.0
5979,1.0
5980,5.0
5981,17.0
5982,11.0
5983,12.0
5984,3.0
5985,1.0
5986,14.0
5987,11.0
5988,17.0
5989,16.0
5990,4.0
5991,18.0
5992,18.0
5993,1.0
5994,3.0
5995,10.0
5996,14.0
5997,14.0
5998,8.0
5999,10.0
6000,6.0
6001,12.0
6002,11.0
6003,9.0
6004,19.0
6005,14.0
6006,2.0
6007,6.0
6008,6.0
6009,8.0
6010,9.0
6011,9.0
6012,15.0
6013,6.0
6014,11.0
6015,14.0
6016,11.0
6017,2.0
6018,13.0
6019,14.0
6020,5.0
6021,15.0
6022,16.0
6023,1.0
6024,15.0
6025,1.0
6026,15.0
6027,8.0
6028,19.0
6029,2.0
6030,17.0
6031,9.0
6032,1.0
6033,1.0
6034,11.0
6035,17.0
6036,9.0
6037,17.0
6038,11.0
6039,16.0
6040,5.0
6041,8.0
6042,2.0
6043,16.0
6044,2.0
6045,9.0
6046,18.0
6047,17.0
6048,20.0
6049,16.0
6050,2.0
6051,3.0
6052,1.0
6053,2.0
6054,11.0
6055,20.0
6056,18.0
6057,20.0
6058,10.0
6059,8.0
6060,4.0
6061,16.0
6062,5.0
6063,4.0
6064,2.0
6065,12.0
6066,12.0
6067,2.0
6068,1.0
6069,6.0
6070,2.0
6071,3.0
6072,5.0
6073,11.0
6074,10.0
6075,16.0
6076,11.0
6077,13.0
6078,1.0
6079,9.0
6080,11.0
6081,20.0
6082,2.0
6083,17.0
6084,14.0
6085,8.0
6086,10.0
6087,11.0
6088,15.0
6089,11.0
6090,19.0
6091,1.0
6092,10.0
6093,1.0
6094,17.0
6095,12.0
6096,19.0
6097,15.0
6098,1.0
6099,17.0
6100,20.0
6101,17.0
6102,14.0
6103,13.0
6104,5.0
6105,4.0
6106,12.0
6107,8.0
6108,16.0
6109,13.0
6110,4.0
6111,5.0
6112,8.0
6113,7.0
6114,5.0
6115,7.0
6116,16.0
6117,2.0
6118,3.0
6119,5.0
6120,13.0
6121,8.0
6122,6.0
6123,2.0
6124,7.0
6125,20.0
6126,14.0
6127,14.0
6128,9.0
6129,8.0
6130,8.0
6131,7.0
6132,15.0
6133,4.0
6134,3.0
6135,3.0
6136,7.0
6137,8.0
6138,12.0
6139,20.0
6140,12.0
6141,16.0
6142,1.0
6143,6.0
6144,17.0
6145,10.0
6146,4.0
6147,7.0
6148,2.0
6149,17.0
6150,3.0
6151,9.0
6152,1.0
6153,11.0
6154,9.0
6155,14.0
6156,5.0
6157,18.0
6158,19.0
6159,13.0
6160,6.0
6161,5.0
6162,9.0
6163,5.0
6164,15.0
6165,8.0
6166,13.0
6167,7.0
6168,2.0
6169,2.0
6170,5.0
6171,1.0
6172,14.0
6173,17.0
6174,11.0
6175,17.0
6176,3.0
6177,17.0
6178,4.0
6179,6.0
6180,3.0
6181,10.0
6182,11.0
6183,14.0
6184,8.0
6185,1.0
6186,1.0
6187,14.0
6188,13.0
6189,17.0
6190,4.0
6191,11.0
6192,19.0
6193,7.0
6194,12.0
6195,8.0
6196,3.0
6197,2.0
6198,12.0
6199,7.0
6200,4.0
6201,10.0
6202,16.0
6203,3.0
6204,20.0
6205,4.0
6206,9.0
6207,2.0
6208,6.0
6209,14.0
6210,12.0
6211,16.0
6212,17.0
6213,15.0
6214,14.0
6215,4.0
6216,13.0
6217,3.0
6218,7.0
6219,16.0
6220,13.0
6221,11.0
6222,6.0
6223,19.0
6224,1.0
6225,8.0
6226,15.0
6227,15.0
6228,6.0
6229,6.0
6230,4.0
6231,18.0
6232,16.0
6233,7.0
6234,19.0
6235,11.0
6236,1.0
6237,8.0
6238,14.0
6239,19.0
6240,9.0
6241,17.0
6242,15.0
6243,19.0
6244,7.0
6245,1.0
6246,8.0
6247,8.0
6248,15.0
6249,5.0
6250,5.0
6251,10.0
6252,16.0
6253,18.0
6254,5.0
6255,5.0
6256,4.0
6257,15.0
6258,11.0
6259,4.0
6260,1.0
6261,8.0
6262,19.0
6263,1.0
6264,10.0
6265,9.0
6266,17.0
6267,14.0
6268,3.0
6269,12.0
6270,7.0
6271,14.0
6272,14.0
6273,1.0
6274,3.0
6275,2.0
6276,17.0
6277,14.0
6278,5.0
6279,3.0
6280,2.0
6281,10.0
6282,5.0
6283,11.0
6284,9.0
6285,2.0
6286,8.0
6287,15.0
6288,8.0
6289,9.0
6290,13.0
6291,8.0
6292,6.0
6293,16.0
6294,13.0
6295,18.0
6296,3.0
6297,9.0
6298,4.0
6299,1.0
6300,16.0
6301,17.0
6302,7.0
6303,15.0
6304,7.0
6305,5.0
6306,14.0
6307,19.0
6308,20.0
6309,8.0
6310,6.0
6311,13.0
6312,10.0
6313,8.0
6314,7.0
6315,15.0
6316,10.0
6317,5.0
6318,18.0
6319,8.0
6320,9.0
6321,8.0
6322,3.0
6323,15.0
6324,15.0
6325,14.0
6326,20.0
6327,13.0
6328,10.0
6329,5.0
6330,20.0
6331,7.0
6332,2.0
6333,10.0
6334,18.0
6335,12.0
6336,9.0
6337,19.0
6338,20.0
6339,3.0
6340,5.0
6341,7.0
6342,20.0
6343,7.0
6344,18.0
6345,7.0
6346,20.0
6347,17.0
6348,3.0
6349,16.0
6350,4.0
6351,1.0
6352,4.0
6353,8.0
6354,16.0
6355,16.0
6356,11.0
6357,3.0
6358,16.0
6359,2.0
6360,18.0
6361,13.0
6362,19.0
6363,6.0
6364,12.0
6365,5.0
6366,3.0
6367,3.0
6368,2.0
6369,16.0
6370,8.0
6371,7.0
6372,12.0
6373,5.0
6374,2.0
6375,14.0
6376,14.0
6377,7.0
6378,19.0
6379,11.0
6380,12.0
6381,9.0
6382,8.0
6383,3.0
6384,19.0
6385,5.0
6386,19.0
6387,13.0
6388,5.0
6389,13.0
6390,14.0
6391,16.0
6392,15.0
6393,17.0
6394,12.0
6395,2.0
6396,8.0
6397,4.0
6398,19.0
6399,7.0
6400,17.0
6401,8.0
6402,1.0
6403,1.0
6404,5.0
6405,15.0
6406,19.0
6407,9.0
6408,7.0
6409,4.0
6410,9.0
6411,15.0
6412,7.0
6413,14.0
6414,19.0
6415,19.0
6416,19.0
6417,18.0
6418,15.0
6419,19.0
6420,9.0
6421,8.0
6422,2.0
6423,17.0
6424,14.0
6425,16.0
6426,9.0
6427,19.0
6428,6.0
6429,17.0
6430,12.0
6431,14.0
6432,5.0
6433,12.0
6434,13.0
6435,18.0
6436,2.0
6437,5.0
6438,18.0
6439,6.0
6440,4.0
6441,8.0
6442,11.0
6443,13.0
6444,5.0
6445,7.0
6446,20.0
6447,8.0
6448,17.0
6449,15.0
6450,12.0
6451,2.0
6452,18.0
6453,1.0
6454,20.0
6455,14.0
6456,13.0
6457,5.0
6458,10.0
6459,5.0
6460,12.0
6461,10.0
6462,15.0
6463,17.0
6464,3.0
6465,19.0
6466,7.0
6467,1.0
6468,5.0
6469,4.0
6470,1.0
6471,8.0
6472,20.0
6473,7.0
6474,20.0
6475,13.0
6476,2.0
6477,9.0
6478,5.0
6479,20.0
6480,8.0
6481,3.0
6482,8.0
6483,7.0
6484,9.0
6485,11.0
6486,4.0
6487,12.0
6488,6.0
6489,3.0
6490,10.0
6491,6.0
6492,9.0
6493,1.0
6494,7.0
6495,11.0
6496,19.0
6497,10.0
6498,12.0
6499,3.0
6500,11.0
6501,14.0
6502,5.0
6503,9.0
6504,12.0
6505,7.0
6506,6.0
6507,18.0
6508,8.0
6509,20.0
6510,7.0
6511,5.0
6512,17.0
6513,12.0
6514,5.0
6515,7.0
6516,13.0
6517,5.0
6518,2.0
6519,15.0
6520,4.0
6521,6.0
6522,5.0
6523,2.0
6524,19.0
6525,11.0
6526,4.0
6527,9.0
6528,8.0
6529,4.0
6530,11.0
6531,9.0
6532,18.0
6533,17.0
6534,5.0
6535,6.0
6536,16.0
6537,6.0
6538,9.0
6539,20.0
6540,11.0
6541,18.0
6542,7.0
6543,4.0
6544,19.0
6545,2.0
6546,4.0
6547,19.0
6548,11.0
6549,19.0
6550,18.0
6551,3.0
6552,6.0
6553,6.0
6554,10.0
6555,11.0
6556,8.0
6557,12.0
6558,9.0
6559,11.0
6560,14.0
6561,12.0
6562,15.0
6563,11.0
6564,5.0
6565,20.0
6566,16.0
6567,8.0
6568,6.0
6569,3.0
6570,12.0
6571,9.0
6572,15.0
6573,9.0
6574,1.0
6575,18.0
6576,15.0
6577,19.0
6578,12.0
6579,17.0
6580,12.0
6581,11.0
6582,10.0
6583,18.0
6584,8.0
6585,6.0
6586,15.0
6587,16.0
6588,7.0
6589,18.0
6590,6.0
6591,7.0
6592,11.0
6593,6.0
6594,19.0
6595,6.0
6596,18.0
6597,11.0
6598,19.0
6599,3.0
6600,3.0
6601,11.0
6602,1.0
6603,12.0
6604,18.0
6605,16.0
6606,5.0
6607,10.0
6608,12.0
6609,13.0
6610,19.0
6611,15.0
6612,6.0
6613,9.0
6614,7.0
6615,5.0
6616,9.0
6617,12.0
6618,19.0
6619,14.0
6620,14.0
6621,4.0
6622,14.0
6623,3.0
6624,14.0
6625,7.0
6626,15.0
6627,10.0
6628,11.0
6629,18.0
6630,13.0
6631,14.0
6632,2.0
6633,8.0
6634,13.0
6635,6.0
6636,17.0
6637,3.0
6638,11.0
6639,10.0
6640,5.0
6641,18.0
6642,2.0
6643,8.0
6644,13.0
6645,3.0
6646,7.0
6647,18.0
6648,18.0
6649,6.0
6650,19.0
6651,17.0
6652,3.0
6653,19.0
6654,16.0
6655,11.0
6656,7.0
6657,8.0
6658,10.0
6659,7.0
6660,17.0
6661,1.0
6662,10.0
6663,13.0
6664,19.0
6665,11.0
6666,11.0
6667,19.0
6668,17.0
6669,15.0
6670,9.0
6671,19.0
6672,4.0
6673,9.0
6674,10.0
6675,4.0
6676,14.0
6677,6.0
6678,13.0
6679,5.0
6680,20.0
6681,3.0
6682,16.0
6683,8.0
6684,4.0
6685,5.0
6686,1.0
6687,11.0
6688,2.0
6689,7.0
6690,17.0
6691,13.0
6692,19.0
6693,1.0
6694,7.0
6695,17.0
6696,13.0
6697,12.0
6698,9.0
6699,9.0
6700,19.0
6701,19.0
6702,19.0
6703,16.0
6704,15.0
6705,3.0
6706,17.0
6707,5.0
6708,16.0
6709,7.0
6710,20.0
6711,3.0
6712,1.0
6713,14.0
6714,5.0
6715,5.0
6716,20.0
6717,3.0
6718,6.0
6719,7.0
6720,5.0
6721,16.0
6722,4.0
6723,11.0
6724,8.0
6725,13.0
6726,11.0
6727,2.0
6728,6.0
6729,4.0
6730,16.0
6731,4.0
6732,7.0
6733,19.0
6734,2.0
6735,13.0
6736,8.0
6737,7.0
6738,17.0
6739,4.0
6740,7.0
6741,6.0
6742,20.0
6743,18.0
6744,12.0
6745,5.0
6746,10.0
6747,11.0
6748,3.0
6749,15.0
6750,5.0
6751,6.0
6752,3.0
6753,10.0
6754,6.0
6755,1.0
6756,11.0
6757,9.0
6758,2.0
6759,19.0
6760,16.0
6761,20.0
6762,9.0
6763,1.0
6764,5.0
6765,5.0
6766,8.0
6767,10.0
6768,9.0
6769,5.0
6770,1.0
6771,9.0
6772,6.0
6773,1.0
6774,6.0
6775,8.0
6776,2.0
6777,7.0
6778,13.0
6779,8.0
6780,15.0
6781,4.0
6782,7.0
6783,10.0
6784,14.0
6785,18.0
6786,10.0
6787,15.0
6788,1.0
6789,14.0
6790,11.0
6791,9.0
6792,19.0
6793,4.0
6794,10.0
6795,15.0
6796,1.0
6797,8.0
6798,3.0
6799,20.0
6800,6.0
6801,3.0
6802,7.0
6803,2.0
6804,1.0
6805,18.0
6806,16.0
6807,14.0
6808,18.0
6809,13.0
6810,17.0
6811,1.0
6812,13.0
6813,17.0
6814,8.0
6815,9.0
6816,5.0
6817,13.0
6818,1.0
6819,5.0
6820,18.0
6821,7.0
6822,7.0
6823,7.0
6824,9.0
6825,17.0
6826,18.0
6827,2.0
6828,19.0
6829,1.0
6830,10.0
6831,10.0
6832,6.0
6833,9.0
6834,7.0
6835,12.0
6836,4.0
6837,8.0
6838,1.0
6839,1.0
6840,15.0
6841,8.0
6842,19.0
6843,13.0
6844,9.0
6845,10.0
6846,12.0
6847,5.0
6848,17.0
6849,12.0
6850,15.0
6851,1.0
6852,2.0
6853,16.0
6854,13.0
6855,14.0
6856,3.0
6857,10.0
6858,7.0
6859,17.0
6860,18.0
6861,12.0
6862,13.0
6863,16.0
6864,11.0
6865,2.0
6866,17.0
6867,5.0
6868,12.0
6869,19.0
6870,20.0
6871,9.0
6872,4.0
6873,20.0
6874,1.0
6875,15.0
6876,1.0
6877,6.0
6878,7.0
6879,19.0
6880,15.0
6881,10.0
6882,18.0
6883,9.0
6884,18.0
6885,10.0
6886,19.0
6887,6.0
6888,3.0
6889,7.0
6890,15.0
6891,15.0
6892,7.0
6893,17.0
6894,1.0
6895,8.0
6896,13.0
6897,15.0
6898,17.0
6899,5.0
6900,6.0
6901,14.0
6902,8.0
6903,5.0
6904,4.0
6905,8.0
6906,14.0
6907,8.0
6908,18.0
6909,1.0
6910,3.0
6911,9.0
6912,7.0
6913,5.0
6914,2.0
6915,3.0
6916,17.0
6917,5.0
6918,14.0
6919,6.0
6920,19.0
6921,18.0
6922,5.0
6923,11.0
6924,1.0
6925,5.0
6926,2.0
6927,17.0
6928,3.0
6929,3.0
6930,12.0
6931,11.0
6932,17.0
6933,16.0
6934,12.0
6935,18.0
6936,9.0
6937,17.0
6938,7.0
6939,6.0
6940,8.0
6941,7.0
6942,20.0
6943,1.0
6944,13.0
6945,6.0
6946,2.0
6947,11.0
6948,19.0
6949,7.0
6950,19.0
6951,3.0
6952,11.0
6953,16.0
6954,8.0
6955,6.0
6956,20.0
6957,6.0
6958,3.0
6959,8.0
6960,6.0
6961,14.0
6962,7.0
6963,9.0
6964,7.0
6965,16.0
6966,2.0
6967,11.0
6968,7.0
6969,5.0
6970,18.0
6971,7.0
6972,7.0
6973,1.0
6974,10.0
6975,5.0
6976,1.0
6977,14.0
6978,15.0
6979,16.0
6980,1.0
6981,14.0
6982,16.0
6983,1.0
6984,1.0
6985,12.0
6986,14.0
6987,5.0
6988,8.0
6989,19.0
6990,9.0
6991,11.0
6992,12.0
6993,19.0
6994,11.0
6995,16.0
6996,2.0
6997,7.0
6998,13.0
6999,18.0
7000,14.0
7001,12.0
7002,15.0
7003,8.0
7004,16.0
7005,20.0
7006,15.0
7007,8.0
7008,20.0
7009,11.0
7010,16.0
7011,14.0
7012,14.0
7013,6.0
7014,7.0
7015,15.0
7016,5.0
7017,14.0
7018,19.0
7019,16.0
7020,9.0
7021,4.0
7022,8.0
7023,20.0
7024,1.0
7025,14.0
7026,11.0
7027,17.0
7028,10.0
7029,4.0
7030,13.0
7031,16.0
7032,18.0
7033,18.0
7034,13.0
7035,12.0
7036,11.0
7037,18.0
7038,12.0
7039,10.0
7040,9.0
7041,3.0
7042,9.0
7043,4.0
7044,13.0
7045,18.0
7046,3.0
7047,19.0
7048,17.0
7049,5.0
7050,5.0
7051,1.0
7052,13.0
7053,20.0
7054,14.0
7055,11.0
7056,20.0
7057,13.0
7058,18.0
7059,2.0
7060,4.0
7061,9.0
7062,12.0
7063,10.0
7064,17.0
7065,15.0
7066,19.0
7067,4.0
7068,8.0
7069,16.0
7070,10.0
7071,11.0
7072,20.0
7073,10.0
7074,1.0
7075,6.0
7076,8.0
7077,19.0
7078,20.0
7079,20.0
7080,4.0
7081,12.0
7082,14.0
7083,20.0
7084,19.0
7085,3.0
7086,12.0
7087,3.0
7088,3.0
7089,18.0
7090,6.0
7091,15.0
7092,18.0
7093,15.0
7094,1.0
7095,3.0
7096,9.0
7097,12.0
7098,3.0
7099,17.0
7100,19.0
7101,11.0
7102,2.0
7103,4.0
7104,9.0
7105,8.0
7106,18.0
7107,13.0
7108,20.0
7109,15.0
7110,17.0
7111,16.0
7112,11.0
7113,3.0
7114,18.0
7115,16.0
7116,16.0
7117,14.0
7118,7.0
7119,8.0
7120,7.0
7121,14.0
7122,7.0
7123,13.0
7124,15.0
7125,4.0
7126,19.0
7127,17.0
7128,9.0
7129,1.0
7130,10.0
7131,14.0
7132,20.0
7133,16.0
7134,8.0
7135,6.0
7136,14.0
7137,13.0
7138,6.0
7139,6.0
7140,17.0
7141,6.0
7142,7.0
7143,6.0
7144,16.0
7145,16.0
7146,13.0
7147,3.0
7148,12.0
7149,9.0
7150,18.0
7151,10.0
7152,1.0
7153,12.0
7154,14.0
7155,16.0
7156,2.0
7157,6.0
7158,17.0
7159,12.0
7160,18.0
7161,6.0
7162,9.0
7163,14.0
7164,5.0
7165,8.0
7166,12.0
7167,10.0
7168,3.0
7169,6.0
7170,8.0
7171,7.0
7172,12.0
7173,3.0
7174,5.0
7175,8.0
7176,19.0
7177,3.0
7178,9.0
7179,2.0
7180,14.0
7181,12.0
7182,17.0
7183,6.0
7184,2.0
7185,19.0
7186,11.0
7187,5.0
7188,6.0
7189,3.0
7190,10.0
7191,20.0
7192,14.0
7193,16.0
7194,18.0
7195,11.0
7196,4.0
7197,1.0
7198,13.0
7199,11.0
7200,5.0
7201,19.0
7202,10.0
7203,13.0
7204,12.0
7205,1.0
7206,6.0
7207,16.0
7208,11.0
7209,3.0
7210,9.0
7211,2.0
7212,17.0
7213,7.0
7214,8.0
7215,1.0
7216,2.0
7217,15.0
7218,5.0
7219,12.0
7220,14.0
7221,18.0
7222,7.0
7223,11.0
7224,14.0
7225,2.0
7226,11.0
7227,18.0
7228,12.0
7229,1.0
7230,6.0
7231,6.0
7232,19.0
7233,3.0
7234,6.0
7235,1.0
7236,2.0
7237,4.0
7238,5.0
7239,20.0
7240,5.0
7241,11.0
7242,3.0
7243,6.0
7244,19.0
7245,11.0
7246,8.0
7247,7.0
7248,17.0
7249,10.0
7250,14.0
7251,11.0
7252,6.0
7253,1.0
7254,19.0
7255,4.0
7256,17.0
7257,15.0
7258,5.0
7259,1.0
7260,8.0
7261,3.0
7262,14.0
7263,5.0
7264,20.0
7265,19.0
7266,2.0
7267,18.0
7268,9.0
7269,19.0
7270,8.0
7271,12.0
7272,14.0
7273,17.0
7274,6.0
7275,4.0
7276,6.0
7277,17.0
7278,2.0
7279,8.0
7280,16.0
7281,4.0
7282,3.0
7283,11.0
7284,4.0
7285,10.0
7286,8.0
7287,2.0
7288,10.0
7289,18.0
7290,15.0
7291,6.0
7292,18.0
7293,17.0
7294,15.0
7295,3.0
7296,16.0
7297,2.0
7298,13.0
7299,4.0
7300,6.0
7301,10.0
7302,9.0
7303,13.0
7304,13.0
7305,13.0
7306,2.0
7307,16.0
7308,3.0
7309,12.0
7310,10.0
7311,2.0
7312,14.0
7313,5.0
7314,15.0
7315,3.0
7316,1.0
7317,12.0
7318,1.0
7319,2.0
7320,13.0
7321,18.0
7322,18.0
7323,3.0
7324,15.0
7325,3.0
7326,6.0
7327,1.0
7328,5.0
7329,8.0
7330,5.0
7331,10.0
7332,12.0
7333,3.0
7334,18.0
7335,8.0
7336,3.0
7337,12.0
7338,2.0
7339,13.0
7340,6.0
7341,12.0
7342,9.0
7343,14.0
7344,16.0
7345,14.0
7346,7.0
7347,12.0
7348,6.0
7349,12.0
7350,11.0
7351,12.0
7352,16.0
7353,12.0
7354,8.0
7355,16.0
7356,3.0
7357,4.0
7358,9.0
7359,17.0
7360,13.0
7361,11.0
7362,16.0
7363,9.0
7364,12.0
7365,9.0
7366,19.0
7367,1.0
7368,4.0
7369,18.0
7370,15.0
7371,2.0
7372,18.0
7373,12.0
7374,1.0
7375,15.0
7376,17.0
7377,9.0
7378,4.0
7379,17.0
7380,15.0
7381,5.0
7382,12.0
7383,9.0
7384,9.0
7385,11.0
7386,4.0
7387,1.0
7388,1.0
7389,9.0
7390,1.0
7391,8.0
7392,14.0
7393,8.0
7394,16.0
7395,7.0
7396,7.0
7397,3.0
7398,4.0
7399,2.0
7400,2.0
7401,6.0
7402,16.0
7403,20.0
7404,11.0
7405,18.0
7406,1.0
7407,11.0
7408,2.0
7409,14.0
7410,6.0
7411,7.0
7412,19.0
7413,5.0
7414,3.0
7415,3.0
7416,8.0
7417,13.0
7418,12.0
7419,3.0
7420,6.0
7421,16.0
7422,9.0
7423,3.0
7424,7.0
7425,3.0
7426,19.0
7427,1.0
7428,10.0
7429,20.0
7430,19.0
7431,16.0
7432,20.0
7433,9.0
7434,11.0
7435,16.0
7436,18.0
7437,8.0
7438,4.0
7439,8.0
7440,5.0
7441,5.0
7442,1.0
7443,13.0
7444,7.0
7445,20.0
7446,10.0
7447,3.0
7448,8.0
7449,14.0
7450,19.0
7451,10.0
7452,11.0
7453,3.0
7454,17.0
7455,7.0
7456,8.0
7457,11.0
7458,19.0
7459,11.0
7460,3.0
7461,11.0
7462,18.0
7463,11.0
7464,20.0
7465,20.0
7466,3.0
7467,15.0
7468,3.0
7469,1.0
7470,5.0
7471,18.0
7472,16.0
7473,15.0
7474,1.0
7475,6.0
7476,11.0
7477,15.0
7478,20.0
7479,10.0
7480,18.0
7481,19.0
7482,7.0
7483,11.0
7484,4.0
7485,10.0
7486,13.0
7487,14.0
7488,20.0
7489,11.0
7490,18.0
7491,1.0
7492,2.0
7493,13.0
7494,5.0
7495,2.0
7496,7.0
7497,7.0
7498,2.0
7499,9.0
7500,15.0
7501,3.0
7502,9.0
7503,9.0
7504,3.0
7505,12.0
7506,2.0
7507,15.0
7508,9.0
7509,19.0
7510,15.0
7511,12.0
7512,11.0
7513,12.0
7514,15.0
7515,12.0
7516,19.0
7517,9.0
7518,3.0
7519,5.0
7520,8.0
7521,15.0
7522,18.0
7523,18.0
7524,19.0
7525,10.0
7526,13.0
7527,11.0
7528,18.0
7529,13.0
7530,14.0
7531,9.0
7532,10.0
7533,13.0
7534,18.0
7535,9.0
7536,14.0
7537,5.0
7538,16.0
7539,12.0
7540,6.0
7541,17.0
7542,9.0
7543,5.0
7544,15.0
7545,5.0
7546,10.0
7547,15.0
7548,11.0
7549,9.0
7550,18.0
7551,8.0
7552,11.0
7553,2.0
7554,20.0
7555,5.0
7556,1.0
7557,6.0
7558,6.0
7559,14.0
7560,9.0
7561,9.0
7562,12.0
7563,18.0
7564,14.0
7565,4.0
7566,7.0
7567,17.0
7568,9.0
7569,17.0
7570,12.0
7571,11.0
7572,13.0
7573,18.0
7574,19.0
7575,9.0
7576,2.0
7577,19.0
7578,16.0
7579,1.0
7580,9.0
7581,20.0
7582,7.0
7583,9.0
7584,4.0
7585,9.0
7586,12.0
7587,9.0
7588,14.0
7589,8.0
7590,18.0
7591,14.0
7592,7.0
7593,9.0
7594,6.0
7595,17.0
7596,3.0
7597,12.0
7598,8.0
7599,17.0
7600,16.0
7601,3.0
7602,18.0
7603,4.0
7604,15.0
7605,4.0
7606,16.0
7607,15.0
7608,3.0
7609,18.0
7610,3.0
7611,6.0
7612,3.0
7613,14.0
7614,4.0
7615,11.0
7616,2.0
7617,7.0
7618,12.0
7619,5.0
7620,11.0
7621,13.0
7622,14.0
7623,17.0
7624,20.0
7625,17.0
7626,18.0
7627,8.0
7628,6.0
7629,12.0
7630,5.0
7631,8.0
7632,7.0
7633,5.0
7634,10.0
7635,9.0
7636,14.0
7637,13.0
7638,3.0
7639,7.0
7640,14.0
7641,3.0
7642,19.0
7643,2.0
7644,3.0
7645,18.0
7646,10.0
7647,19.0
7648,7.0
7649,15.0
7650,20.0
7651,19.0
7652,15.0
7653,4.0
7654,4.0
7655,10.0
7656,4.0
7657,18.0
7658,8.0
7659,19.0
7660,3.0
7661,2.0
7662,17.0
7663,6.0
7664,6.0
7665,3.0
7666,7.0
7667,17.0
7668,5.0
7669,3.0
7670,17.0
7671,1.0
7672,17.0
7673,16.0
7674,5.0
7675,6.0
7676,1.0
7677,4.0
7678,18.0
7679,9.0
7680,11.0
7681,10.0
7682,5.0
7683,6.0
7684,1.0
7685,15.0
7686,16.0
7687,2.0
7688,3.0
7689,9.0
7690,12.0
7691,13.0
7692,17.0
7693,3.0
7694,6.0
7695,19.0
7696,9.0
7697,17.0
7698,2.0
7699,18.0
7700,18.0
7701,10.0
7702,15.0
7703,7.0
7704,19.0
7705,13.0
7706,3.0
7707,8.0
7708,11.0
7709,2.0
7710,14.0
7711,14.0
7712,14.0
7713,12.0
7714,20.0
7715,5.0
7716,16.0
7717,19.0
7718,20.0
7719,10.0
7720,14.0
7721,13.0
7722,5.0
7723,19.0
7724,1.0
7725,17.0
7726,8.0
7727,1.0
7728,8.0
7729,2.0
7730,17.0
7731,13.0
7732,19.0
7733,12.0
7734,14.0
7735,6.0
7736,13.0
7737,17.0
7738,15.0
7739,3.0
7740,11.0
7741,6.0
7742,4.0
7743,3.0
7744,12.0
7745,15.0
7746,9.0
7747,13.0
7748,18.0
7749,8.0
7750,18.0
7751,4.0
7752,7.0
7753,14.0
7754,13.0
7755,14.0
7756,8.0
7757,5.0
7758,3.0
7759,16.0
7760,1.0
7761,2.0
7762,14.0
7763,18.0
7764,15.0
7765,11.0
7766,5.0
7767,11.0
7768,19.0
7769,1.0
7770,14.0
7771,15.0
7772,11.0
7773,18.0
7774,18.0
7775,5.0
7776,2.0
7777,9.0
7778,15.0
7779,13.0
7780,17.0
7781,5.0
7782,3.0
7783,2.0
7784,7.0
7785,18.0
7786,5.0
7787,3.0
7788,16.0
7789,18.0
7790,19.0
7791,18.0
7792,5.0
7793,20.0
7794,12.0
7795,14.0
7796,9.0
7797,12.0
7798,9.0
7799,16.0
7800,7.0
7801,6.0
7802,15.0
7803,14.0
7804,17.0
7805,9.0
7806,15.0
7807,6.0
7808,7.0
7809,7.0
7810,17.0
7811,2.0
7812,1.0
7813,19.0
7814,9.0
7815,11.0
7816,10.0
7817,14.0
7818,8.0
7819,17.0
7820,4.0
7821,9.0
7822,10.0
7823,5.0
7824,12.0
7825,5.0
7826,13.0
7827,3.0
7828,13.0
7829,18.0
7830,8.0
7831,14.0
7832,15.0
7833,13.0
7834,19.0
7835,4.0
7836,6.0
7837,5.0
7838,16.0
7839,7.0
7840,5.0
7841,1.0
7842,10.0
7843,17.0
7844,13.0
7845,13.0
7846,8.0
7847,19.0
7848,12.0
7849,20.0
7850,9.0
7851,3.0
7852,6.0
7853,10.0
7854,16.0
7855,1.0
7856,1.0
7857,15.0
7858,9.0
7859,4.0
7860,17.0
7861,17.0
7862,5.0
7863,16.0
7864,1.0
7865,11.0
7866,11.0
7867,16.0
7868,14.0
7869,9.0
7870,17.0
7871,2.0
7872,11.0
7873,14.0
7874,20.0
7875,12.0
7876,6.0
7877,6.0
7878,9.0
7879,20.0
7880,6.0
7881,20.0
7882,2.0
7883,6.0
7884,11.0
7885,6.0
7886,3.0
7887,2.0
7888,20.0
7889,1.0
7890,19.0
7891,9.0
7892,18.0
7893,18.0
7894,16.0
7895,14.0
7896,6.0
7897,17.0
7898,10.0
7899,19.0
7900,17.0
7901,19.0
7902,15.0
7903,9.0
7904,19.0
7905,18.0
7906,14.0
7907,2.0
7908,16.0
7909,20.0
7910,15.0
7911,5.0
7912,13.0
7913,11.0
7914,2.0
7915,5.0
7916,16.0
7917,3.0
7918,17.0
7919,17.0
7920,9.0
7921,3.0
7922,19.0
7923,17.0
7924,15.0
7925,17.0
7926,7.0
7927,8.0
7928,5.0
7929,19.0
7930,12.0
7931,20.0
7932,12.0
7933,11.0
7934,20.0
7935,17.0
7936,2.0
7937,19.0
7938,17.0
7939,9.0
7940,2.0
7941,5.0
7942,11.0
7943,6.0
7944,7.0
7945,18.0
7946,4.0
7947,1.0
7948,8.0
7949,6.0
7950,17.0
7951,8.0
7952,16.0
7953,16.0
7954,5.0
7955,16.0
7956,19.0
7957,17.0
7958,16.0
7959,2.0
7960,15.0
7961,4.0
7962,6.0
7963,17.0
7964,17.0
7965,19.0
7966,14.0
7967,7.0
7968,5.0
7969,17.0
7970,7.0
7971,6.0
7972,20.0
7973,16.0
7974,7.0
7975,4.0
7976,15.0
7977,18.0
7978,7.0
7979,4.0
7980,2.0
7981,12.0
7982,17.0
7983,18.0
7984,2.0
7985,8.0
7986,15.0
7987,14.0
7988,17.0
7989,10.0
7990,10.0
7991,16.0
7992,14.0
7993,4.0
7994,13.0
7995,5.0
7996,3.0
7997,4.0
7998,17.0
7999,8.0
8000,8.0
8001,10.0
8002,18.0
8003,10.0
8004,18.0
8005,2.0
8006,12.0
8007,13.0
8008,1.0
8009,14.0
8010,18.0
8011,1.0
8012,15.0
8013,18.0
8014,11.0
8015,16.0
8016,15.0
8017,11.0
8018,2.0
8019,3.0
8020,1.0
8021,17.0
8022,17.0
8023,20.0
8024,12.0
8025,14.0
8026,14.0
8027,7.0
8028,20.0
8029,15.0
8030,4.0
8031,18.0
8032,3.0
8033,3.0
8034,4.0
8035,6.0
8036,10.0
8037,8.0
8038,7.0
8039,8.0
8040,17.0
8041,18.0
8042,9.0
8043,19.0
8044,15.0
8045,5.0
8046,5.0
8047,17.0
8048,10.0
8049,14.0
8050,7.0
8051,11.0
8052,9.0
8053,8.0
8054,7.0
8055,13.0
8056,6.0
8057,5.0
8058,1.0
8059,7.0
8060,12.0
8061,10.0
8062,4.0
8063,9.0
8064,15.0
8065,9.0
8066,14.0
8067,7.0
8068,20.0
8069,7.0
8070,7.0
8071,8.0
8072,1.0
8073,8.0
8074,11.0
8075,17.0
8076,13.0
8077,13.0
8078,15.0
8079,15.0
8080,5.0
8081,11.0
8082,10.0
8083,12.0
8084,15.0
8085,5.0
8086,10.0
8087,17.0
8088,3.0
8089,7.0
8090,9.0
8091,5.0
8092,1.0
8093,15.0
8094,2.0
8095,6.0
8096,6.0
8097,9.0
8098,14.0
8099,1.0
8100,10.0
8101,16.0
8102,9.0
8103,19.0
8104,6.0
8105,12.0
8106,12.0
8107,15.0
8108,17.0
8109,17.0
8110,15.0
8111,14.0
8112,9.0
8113,20.0
8114,15.0
8115,2.0
8116,1.0
8117,17.0
8118,12.0
8119,1.0
8120,2.0
8121,2.0
8122,12.0
8123,16.0
8124,12.0
8125,17.0
8126,7.0
8127,19.0
8128,18.0
8129,6.0
8130,10.0
8131,10.0
8132,4.0
8133,6.0
8134,14.0
8135,13.0
8136,3.0
8137,16.0
8138,6.0
8139,11.0
8140,9.0
8141,8.0
8142,16.0
8143,3.0
8144,7.0
8145,1.0
8146,10.0
8147,3.0
8148,16.0
8149,14.0
8150,14.0
8151,10.0
8152,5.0
8153,13.0
8154,9.0
8155,12.0
8156,18.0
8157,15.0
8158,8.0
8159,6.0
8160,19.0
8161,12.0
8162,5.0
8163,4.0
8164,15.0
8165,3.0
8166,17.0
8167,4.0
8168,17.0
8169,1.0
